id, ä½œè€…, pixivId, å›¾ç‰‡æ•°
6294de1cdc57125408abbfbb, ã—ãŒã¤, 23026874, 17, shigatsu_(4gate), 0
6294de1cdc57125408abc02d, SAMIP, 26837253, 17, samip, 0
6294de1cdc57125408abc09c, ë•í˜¸, 38819785, 17, deogho_(liujinzy9854), 0
6294de1cdc57125408abc0c6, D., 6881113, 17, zjsstc zjsstc_ass, 0
6294de1cdc57125408abc18c, ãŒã‚ã“, 3981719, 17, nanaponi, 0
6294de1ddc57125408abc48f, å–µå’•å›QAQ(KH3), 58434088, 17, miaogujun, 0
631f051146b8283819dfd5a3, gomzi, 1023317, 17, gomzi, 0
6294de1cdc57125408abbdf0, Kittew, 26239427, 16, daria_leonova, 0
6294de1cdc57125408abbe1a, éˆ´é›¨ã‚„ã¤ã¿, 4792800, 16, suzuame_yatsumi, 0
6294de1cdc57125408abbe33, ã‚‰ã‚“ã¡, 5992466, 16, lunch, 0
6294de1cdc57125408abbe34, ã™ã„ã®ã›, 18825183, 16, suinose, 0
6294de1cdc57125408abbe68, MMLYNO, 13482756, 16, mmlyno osuti, 0
6294de1cdc57125408abbe8b, çŒ«éº¦, 39802677, 16, nekomugiharu, 0
6294de1cdc57125408abbea9, æµ·è±¹ã€‚, 20297549, 16, azarashi_(azrsot), 0
6294de1cdc57125408abbed4, ãƒ è“ãƒ„ã‚¯ï¼ˆã‚€ã‹ï¼‰, 163404, 16, muka_tsuku, 0
6294de1cdc57125408abbed5, Niii, 17456910, 16, niii_(memstapak), 0
6294de1cdc57125408abbee1, ã‚Šã¶ã¤, 25821965, 16, ributsu, 0
6294de1cdc57125408abbef8, CHoney, 1908283, 16, choney, 0
6294de1cdc57125408abbf3f, ç„¡äºº, 1436637, 16, kananote, 0
6294de1cdc57125408abbf6b, Housou-chan, 13264396, 16, hatsune_no_pantsu, 0
6294de1cdc57125408abbfc6, Yolanda, 8349252, 16, yolanda, 0
6294de1cdc57125408abbfcb, domi, 16831741, 16, domi_(hongsung0819) thighhighs_domi_(hongsung0819), 0
6294de1cdc57125408abbfec, oekakizuki, 12676132, 16, oekakizuki, 0
6294de1cdc57125408abc022, void_0, 14801956, 16, void_0, 0
6294de1cdc57125408abc036, Z.Taiga, 14044947, 16, z.taiga, 0
6294de1cdc57125408abc084, ã‚ã‹ã¤ãèŒœ, 1144986, 16, akatsuki_akane akatsuki_(ownpace), 0
6294de1cdc57125408abc092, ãƒˆãƒ­ãƒ†ãƒ , 4984458, 16, throtem throtem_ass, 0
6294de1cdc57125408abc13b, Araneesama, 50694009, 16, araneesama, 0
6294de1cdc57125408abc172, å±±æ¡‚è´°, 7638711, 16, shanguier, 0
6294de1cdc57125408abc388, buri, 2539925, 16, buri_(retty9349), 0
6294de1cdc57125408abc3c5, DanteWontDie, 1598540, 16, dantewontdie, 0
6294de1ddc57125408abc465, JP06, 1074517, 16, jp06 the_idolm@ster_shiny_colors_jp06, 0
6294de1ddc57125408abc4a3, æŠ è‚‰è‚šè„@Kuroduki, 8956220, 16, kuroduki_(pieat), 0
6294de1ddc57125408abc648, æœå¢ã²ãŠã‚Š@çˆ†ä¹³å°‚é–€çµµ, 156679, 16, asamura_hiori, 0
631f04fe46b8283819dfd56d, è¯èŒµCain@FANBOX, 18921793, 16, nu10040904, 0
63212e74fac5adee47b0b177, ã­ã„ã•ã‚“, 52306507, 16, hero_neisan, 0
6294de1cdc57125408abbd1b, ReBe11, 848141, 15, rebe11, 0
6294de1cdc57125408abbd27, kkamja, 561224, 15, kkamja, 0
6294de1cdc57125408abbd28, æ¾ç«œ, 2159670, 15, matsuryuu, 0
6294de1cdc57125408abbd43, æ—©å·ã‚ã‹ã‚Š, 3792353, 15, hayakawa_akari, 0
6294de1cdc57125408abbd91, muunai, 43232548, 15, muunai muunai_genshin_impact thighhighs_muunai, 0
6294de1cdc57125408abbe07, æ¡æ²¢ã•ã, 409226, 15, kirisawa_saki, 0
6294de1cdc57125408abbe1e, Kanta, 41557010, 15, kanta uniform_kantai_collection, 0
6294de1cdc57125408abbe20, Leria_V, 19440186, 15, leria_v, 0
6294de1cdc57125408abbe75, MONQ, 1167441, 15, monq tagme_monq, 0
6294de1cdc57125408abbe91, ä¹ä¹ä¸€æœ¨, 6626215, 15, rafael-m, 0
6294de1cdc57125408abbf0c, çˆ±ç”»ç”»çš„æ·±å¤, 8296627, 15, heiyizhushenxia, 0
6294de1cdc57125408abbf35, PãƒŠãƒ„, 21848666, 15, pnatsu, 0
6294de1cdc57125408abbf4f, KÃ¤tzchen, 10669991, 15, kaetzchen, 0
6294de1cdc57125408abbf89, DayDream, 4733455, 15, daydream_(zhdkffk21), 0
6294de1cdc57125408abbfd2, Rezeharu, 61594414, 15, rezeharu_(61594414) rezeharu_(61594414)_ass, 0
6294de1cdc57125408abc013, ãƒŸãƒ§ãƒ¯, 25628614, 15, myowa, 0
6294de1cdc57125408abc039, èœâ˜…æ¢—, 4481173, 15, cai_geng, 0
6294de1cdc57125408abc040, DIno, 66807813, 15, dinoartforame, 0
6294de1cdc57125408abc04a, ãƒ•ã‚¡ãƒ«ã¾ã‚, 1218472, 15, fal_maro, 0
6294de1cdc57125408abc096, Zerocat, 23886304, 15, zerocat painteen, 0
6294de1ddc57125408abc483, ã‚¯ã‚µãƒŠ, 17870236, 15, kusana_(dudqja602), 0
6294de1ddc57125408abc4d5, è§£å‡ã«ã‚ƒã‚“ã“, 6614636, 15, nyanko_kaitou, 0
62b6a1195e943443c1ee99b8, Miv4t, 11246082, 15, miv4t, 0
62b6a11a5e943443c1ee99c5, Bisonå€‰é¼ , 333556, 15, bison bison_cangshu, 0
6321fa91d2fde8d379d1a5e2, Rella, 163536, 15, rella, 0
632498389602f9a89c5a98b8, a20, 38341435, 15, a20_(atsumaru), 0
6294de1cdc57125408abbd31, å…«é‡æ¨«å—, 139994, 14, yaegashi_nan, 0
6294de1cdc57125408abbdf4, ã‚Šã†ã‚†ã—, 37694342, 14, ir_uhs, 0
6294de1cdc57125408abbe22, æœˆæœˆé³¥äºº, 25943605, 14, jojobirdz weapon_jojobirdz, 0
6294de1cdc57125408abbe2b, å¤§æ…ˆ, 3646291, 14, renji, 0
6294de1cdc57125408abbe87, å™¶è›‹, 9275472, 14, asuo, 0
6294de1cdc57125408abbf15, MZä¹Ÿä¹Ÿçˆ±åƒæ³¡é¢, 12778394, 14, mz_(yeye_ai_chipao_mian), 0
6294de1cdc57125408abbf49, Yuzuriha, 21607010, 14, yuzuriha yuzuriha_bra, 0
6294de1cdc57125408abbf52, AIRCELLING, 5110594, 14, aircell, 0
6294de1cdc57125408abbfc1, ãƒ™ã‚³å¤ªéƒ, 3345902, 14, bekotarou, 0
6294de1cdc57125408abbfe5, AME / é›¨, 4595297, 14, ameyame shirt_lift_ameyame, 0
6294de1cdc57125408abc007, ã­ã„ã³, 7381611, 14, jiiwara, 0
6294de1cdc57125408abc09a, Liaowen, 30091333, 14, liaowen, 0
6294de1cdc57125408abc0bc, ã‹ãªã­, 923205, 14, ka11_ca, 0
6294de1cdc57125408abc0c2, Mukka, 4346822, 14, mukka, 0
6294de1cdc57125408abc146, xFate, 2374176, 14, xfate xfate_benghuai_xueyuan, 0
6294de1cdc57125408abc37e, cryturtle, 70929381, 14, cryturtle tagme_cryturtle, 0
6294de1cdc57125408abc380, LLLthika, 826139, 14, eruthika, 0
6294de1cdc57125408abc38c, æ™ƒç”°ãƒ’ã‚«, 67105222, 14, akita_hika yelan_akita_hika, 0
6294de1cdc57125408abc3d0, Cyanide-whale, 20206340, 14, cyanide-whale, 0
6294de1ddc57125408abc443, ç·‹æœˆã²ãã‚Œ, 14561119, 14, hizuki_higure, 0
6294de1ddc57125408abc44b, ãµã˜å­, 56506122, 14, huziko32, 0
6294de1ddc57125408abc467, ã‚¹ãƒ©ã‚¤ãƒ , 17082775, 14, suraimu_(suraimuraimu) tagme_suraimu_(suraimuraimu) suraimu_(suraimuraimu)_lize_helesta, 0
6294de1ddc57125408abc468, Reulem, 29213210, 14, reulem, 0
6294de1ddc57125408abc4b9, Athaï¼ˆã‚¢ã‚µï¼‰, 3367474, 14, atha_(leejuiping), 0
62dbadbeadb1cf8dbbd99782, ã‚¨ã‚­ãƒŠ, 25555102, 14, ekina_(1217), 0
62dbadc9adb1cf8dbbd997b0, ã‚«ã‚ªãƒŸãƒ³, 1236873, 14, kaoming tagme_kaoming, 0
631f04ff46b8283819dfd56f, hai, 246242, 14, haishiki, 0
631f050046b8283819dfd571, ä¸‰èŠ±æ —é¼ å±‹, 1194931, 14, kamue, 0
6294de1cdc57125408abbd13, Type-G (ã‚¤ã‚·ã‚¬ã‚­ã‚¿ã‚«ã‚·), 254423, 13, ishigaki_takashi, 0
6294de1cdc57125408abbd54, ä½é‡ä¿Šè‹±, 1392913, 13, sano_toshihide, 0
6294de1cdc57125408abbe25, pantheon_EVE, 62855830, 13, pantheon_eve, 0
6294de1cdc57125408abbe28, pinkcap, 74749248, 13, pinkcap, 0
6294de1cdc57125408abbe30, é«˜é‡å‹å®, 23606858, 13, takano_tomohiro, 0
6294de1cdc57125408abbe42, netural, 69328034, 13, netural, 0
6294de1cdc57125408abbe5c, MEOYO, 61690960, 13, meoyo, 0
6294de1cdc57125408abbeb1, ????, 14751529, 13, jenmin12, 0
6294de1cdc57125408abbeb6, Ishiro_Roy, 21381031, 13, roi_(liu_tian), 0
6294de1cdc57125408abbee8, ä¼Šè—¤ã‚‰ã¼, 35095017, 13, ito_lab, 0
6294de1cdc57125408abbf03, æ±‰å ¡åŒ…Hbb_5412, 21029246, 13, hbb, 0
6294de1cdc57125408abbf53, Archstreal, 29053746, 13, archstreal, 0
6294de1cdc57125408abbf80, ã²ã¨ã¿ã‚“, 28299087, 13, hitomin_(ksws7544), 0
6294de1cdc57125408abbf86, é›ªçŒ«, 25447095, 13, yukineko1018 yukineko1018_animal_ears, 0
6294de1cdc57125408abbf92, ãªãªå¸ƒå›£, 72614717, 13, nanafuton, 0
6294de1cdc57125408abbfb9, Nvl, 28172249, 13, nvl, 0
6294de1cdc57125408abbfba, Naru, 30383053, 13, naru_0, 0
6294de1cdc57125408abbfbd, ãƒãƒ©, 13765263, 13, bara_(03_bara_) tagme_bara_(03_bara_), 0
6294de1cdc57125408abbfcd, jam, 4524557, 13, jam_(nandade) saraqael_(last_origin)_jam_(nandade), 0
6294de1cdc57125408abbfce, ã‚·ãƒ¥ãƒ´ã‚£, 16643815, 13, shuvi_(shuvi1125), 0
6294de1cdc57125408abbff7, ã‚ã‹ã•ã‚ã„âš“ï¸, 427664, 13, akasa_ai, 0
6294de1cdc57125408abc01a, æµ·èŒµéœ²å¨œHeinLuna, 17453541, 13, icons_(1452697582), 0
6294de1cdc57125408abc045, å¤©ä¸‰æœˆ, 465133, 13, ama_mitsuki tagme_ama_mitsuki, 0
6294de1cdc57125408abc076, Skai_kun, 30481106, 13, skai_kun, 0
6294de1cdc57125408abc07b, Chowbie, 13463954, 13, chowbie, 0
6294de1cdc57125408abc09e, momoku, 2418483, 13, kikimi, 0
6294de1cdc57125408abc0a9, ãƒãƒªã‚¹ãƒ’ãƒ­, 32678331, 13, harris_hero, 0
6294de1cdc57125408abc112, SOLCHA, 49973194, 13, duyu, 0
6294de1cdc57125408abc140, POISE, 29402801, 13, poise, 0
6294de1cdc57125408abc16a, ã‚ˆã‚‚ãè±†å¤ªéƒ, 51304522, 13, yomogi_mametarou yomogi_mametarou_bondage yomogi_mametarou_anus, 0
6294de1cdc57125408abc3de, ã½ã‚“ã«ã‚…, 2139094, 13, ponnyu12, 0
6294de1ddc57125408abc473, Maanu@ãŠä»•äº‹å‹Ÿé›†ä¸­, 41646715, 13, manu_(pixiv41646715) maanu, 0
6294de1ddc57125408abc4d4, GIBUN(ã‚®ãƒ–ãƒ³), 8327089, 13, gibun_(sozoshu) gibun, 0
6294de1ddc57125408abc4f5, ç–¾é¢¨âœ¦Hayate, 5611173, 13, leaf98k, 0
6294de1ddc57125408abc5cb, å°èŠ±é›ª, 17149440, 13, kohanayuki, 0
6294de1ddc57125408abc5e6, haKua=â˜†, 34739150, 13, hakua_(hka_art), 0
6294de1ddc57125408abc632, ã»ï½ã•ã, 6035423, 13, hoosaku, 0
62dbadb5adb1cf8dbbd9975f, matrix16, 9374007, 13, matrix16, 0
6294de1cdc57125408abbd23, kopianget, 4366986, 12, kopianget, 0
6294de1cdc57125408abbd5d, Kinhasu, 29067454, 12, kinhasu, 0
6294de1cdc57125408abbe0e, ã‚µã‚¨ãƒ¢ãƒ³, 217257, 12, saemon, 0
6294de1cdc57125408abbe56, ã¦ã‚‹ã¦ã‚‹æ³•å¸«, 3823720, 12, teltelhousi, 0
6294de1cdc57125408abbe59, kieed, 11525066, 12, kieed tagme_kieed, 0
6294de1cdc57125408abbe71, Hood, 15408136, 12, hood_(azur_lane), 0
6294de1cdc57125408abbea1, æœ‰æœ«ã¤ã‹ã•, 29856653, 12, arisue_tsukasa, 0
6294de1cdc57125408abbec8, marumoru, 4655878, 12, marumoru, 0
6294de1cdc57125408abbedd, Ayul, 1566647, 12, ayul_(ayulneri_92), 0
6294de1cdc57125408abbf38, ã‚¢ãƒ³ãƒ‰ã‚¦ãƒ¦ã‚¦, 27998763, 12, wet_andouyu andouyu, 0
6294de1cdc57125408abbf61, å¹³æ²¢Zen, 884634, 12, hirasawa_seiji, 0
6294de1cdc57125408abbf7d, anming, 8254308, 12, anming wet_anming, 0
6294de1cdc57125408abbf8a, ã‚½ã‚½, 49494721, 12, soso_(chlgksk110), 0
6294de1cdc57125408abbf90, Sora, 28279345, 12, sora_(men0105), 0
6294de1cdc57125408abbfa7, å±±çŸ³18, 1184398, 12, yamaishi yamaishi_bra, 0
6294de1cdc57125408abbfb0, ã‚ãƒã‚“, 1559114, 12, sakiryo_kanna, 0
6294de1cdc57125408abbfb5, é»’å…ã‚†ã†, 4384618, 12, kurousagi_yuu, 0
6294de1cdc57125408abbfd3, ç ‚ç³–é¯µ, 8502090, 12, satou_aji, 0
6294de1cdc57125408abc006, Pillo, 16778114, 12, pillo, 0
6294de1cdc57125408abc055, ãƒªãƒ¡, 11886192, 12, limeblock, 0
6294de1cdc57125408abc06b, å¨æœªå›³@ã„ã¿ãš, 243408, 12, imizu_(nitro_unknown), 0
6294de1cdc57125408abc085, ã´ã‚Šã·ã‚“, 3625614, 12, piripun, 0
6294de1cdc57125408abc095, æ°¸åœ°(eichi), 367613, 12, eichi_(yashokuya), 0
6294de1cdc57125408abc098, éº»ç”Ÿ, 2848117, 12, asou_(asabu202), 0
6294de1cdc57125408abc0b1, KENï¼¿ãŠä»•äº‹å‹Ÿé›†ä¸­, 28856947, 12, ken_ill, 0
6294de1cdc57125408abc0e1, yf, 15533772, 12, yf_(hbyg), 0
6294de1cdc57125408abc13c, Ultra, 11395897, 12, ultra_(511455329), 0
6294de1cdc57125408abc14d, cozyu_, 55325163, 12, cozyu, 0
6294de1cdc57125408abc183, ã­ã“ã“ã¶ã—, 56572917, 12, nekokobushi, 0
6294de1cdc57125408abc3dd, ã¶ã—, 2215595, 12, akatsuki_(4941086), 0
6294de1ddc57125408abc415, JJuneã‚¸ãƒ¥ãƒ³, 1827932, 12, jjune, 0
6294de1ddc57125408abc444, Yamiiv, 12553000, 12, yamiiv, 0
6294de1ddc57125408abc455, ã‚ãƒ¼ã‚“, 41596308, 12, meen_(ouaughikepdvrsf), 0
6294de1ddc57125408abc45d, EV, 35347256, 12, dai00888, 0
6294de1ddc57125408abc47f, å¦ƒé¬¼, 35853798, 12, kisaki_oni, 0
6294de1ddc57125408abc4d8, Kokonex, 18649728, 12, starlight_crystalz kokonex, 0
6294de1ddc57125408abc4e9, azuã‚¿ãƒ­ã‚¦/azu-taro, 15289205, 12, azu-taro tagme_azu-taro swimsuits_azu-taro, 0
6294de1ddc57125408abc5dc, teffish, 673438, 12, teffish, 0
6294de1ddc57125408abc5e5, GreatoDoggo, 8606625, 12, greatodoggo, 0
6294de1ddc57125408abc5e9, éº»å‘‚å¤ª, 30945219, 12, marota marota_marota, 0
6294de1ddc57125408abc5f5, Lumo_1121, 13612963, 12, lumo_1121, 0
6294de1ddc57125408abc600, Yiler, 26049511, 12, yiler yiler_genshin_impact yiler_animal_ears, 0
62b6a0e2e1ef661f2f3d90cd, Lshiki, 9871675, 12, lshiki, 0
62b6a1185e943443c1ee98cd, Salmon88, 9001612, 12, salmon88, 0
62b6a1195e943443c1ee98f0, U35(ã†ã¿ã“), 337971, 12, u35, 0
631f050146b8283819dfd573, Machi, 4632856, 12, machi_(7769), 0
631f050246b8283819dfd575, mery, 2750098, 12, mery_(yangmalgage), 0
631f050946b8283819dfd58c, age fx, 17004139, 12, age_fx, 0
632498449602f9a89c5a98e1, Anmi@ç”»é›†ç™ºå£²ä¸­, 212801, 12, anmi, 0
6294de1cdc57125408abbd57, ã¤ãªã“, 14028509, 11, tsunako, 0
6294de1cdc57125408abbd66, ãªã‹ã‚ˆã²ãƒ¢ã‚°ãƒ€ãƒ³ (ãƒ¢ã‚°ãƒ€ãƒ³), 19771543, 11, mogudan, 0
6294de1cdc57125408abbd88, KaeruNoAshi, 376737, 11, kaeru_no_ashi, 0
6294de1cdc57125408abbdcb, lrh0123, 52275560, 11, lrh0123, 0
6294de1cdc57125408abbe84, ninai, 44645912, 11, ninainaidesss, 0
6294de1cdc57125408abbe92, ã†ã ã‚‹ã‚ˆ, 72055795, 11, udaruyo, 0
6294de1cdc57125408abbeba, B-PANG, 6065067, 11, b-pang, 0
6294de1cdc57125408abbebb, ?, 62177439, 11, marrrrrr, 0
6294de1cdc57125408abbecb, æµã€‚, 3051540, 11, ryuu., 0
6294de1cdc57125408abbed3, ãƒ¢ãƒªãƒã‚«ã‚·ãƒ¥ã‚¦ãƒˆ, 2540996, 11, morichika_shuuto, 0
6294de1cdc57125408abbeec, é­”å¤ªéƒ, 1864423, 11, matarou, 0
6294de1cdc57125408abbef7, ãƒãƒƒãƒ‘ãƒ‹ãƒŠãƒƒã‚¿, 2481803, 11, mappaninatta, 0
6294de1cdc57125408abbf0f, Lichiko, 37257600, 11, seoyul, 0
6294de1cdc57125408abbf1f, å°å±±å†…ã—ã„ãª, 59578913, 11, osanai_shiina, 0
6294de1cdc57125408abbf2a, SioN, 17065926, 11, sion_(9117) sion_owatas, 0
6294de1cdc57125408abbf58, 2QBA, 63269782, 11, 2qba tagme_2qba, 0
6294de1cdc57125408abbf67, ã‚ã‚“ã–ã‚†ã†, 4910262, 11, anza_tomo, 0
6294de1cdc57125408abbf75, äº”ä¸ƒç¿”äºŒ, 23658493, 11, konakona0307, 0
6294de1cdc57125408abbf98, NEÎ¦N, 40856848, 11, neon_(hhs9444), 0
6294de1cdc57125408abbfb3, Ah, 62888100, 11, ah_(pixiv62888100), 0
6294de1cdc57125408abbfc5, ãã‚Šã‚, 1840049, 11, kuria_(clear_trip_second), 0
6294de1cdc57125408abbfea, Ï˜, 297791, 11, q_(ed69), 0
6294de1cdc57125408abbfed, å¤©é‡ ã©ã‚“, 2703136, 11, amano_don, 0
6294de1cdc57125408abc01c, ã•ã‹ã‚€ã‘@ãŠä»•äº‹å‹Ÿé›†ä¸­, 471154, 11, sakamuke, 0
6294de1cdc57125408abc035, ã¯ã­ã‚†ã, 12350894, 11, hane_yuki, 0
6294de1cdc57125408abc041, ã‚ã‚Œã£ãã™, 585981, 11, alexmaster wet_alexmaster, 0
6294de1cdc57125408abc064, Negresco, 1657068, 11, negresco, 0
6294de1cdc57125408abc07e, K.K., 37046952, 11, kernel_killer, 0
6294de1cdc57125408abc0a4, é­šå›£å­@é—­å…³ä¿®ç‚¼, 18787519, 11, seelehan, 0
6294de1cdc57125408abc0b9, WOL, 13295794, 11, wol_(wol_927) wol_(wol_927)_bikini, 0
6294de1cdc57125408abc0bd, ã½ã¡ä¸¸, 18145190, 11, pochimaru_(marumaru_wanwan), 0
6294de1cdc57125408abc0e3, è‚¡é—´å°‘å¥³, 12834728, 11, gujianshaonu, 0
6294de1cdc57125408abc169, ãµã¿ã²ã“, 2658856, 11, fumihiko, 0
6294de1cdc57125408abc385, TwinBox, 264932, 11, twinbox twinbox_school, 0
6294de1cdc57125408abc3a5, U O S A, 30869085, 11, uosaasou, 0
6294de1cdc57125408abc3c3, ï¿¦ANKE, 24218478, 11, wanke, 0
6294de1ddc57125408abc401, å¤±ç¬‘å®£å‘Šver0.99, 6360415, 11, sisshou_senkoku shisshou_senkoku, 0
6294de1ddc57125408abc41b, LUN7732, 7211673, 11, lun7732, 0
6294de1ddc57125408abc41e, è¡Œç›®ç—•, 14037312, 11, xing_muhen, 0
6294de1ddc57125408abc448, ä»äº•å­¦, 17089321, 11, nii_manabu, 0
6294de1ddc57125408abc493, Kokihanada, 31938023, 11, kokihanada, 0
6294de1ddc57125408abc4c3, ãƒªãƒ³â˜†ãƒ¦ã‚¦ï¼ æ–°åˆŠé€šè²©å§”è¨—ä¸­, 4754550, 11, rin_yuu, 0
6294de1ddc57125408abc4dd, å¥¶å‡, 7805672, 11, yin-ting_tian, 0
6294de1ddc57125408abc515, è‰²è°·ã‚ã™ã‹, 3188698, 11, shikitani_asuka, 0
6294de1ddc57125408abc5c7, æˆç€¬ã¿ãŠ, 394687, 11, naruse_mio, 0
6294de1ddc57125408abc5ce, Kumi, 28706924, 11, kottungyang seifuku_kottungyang, 0
6294de1ddc57125408abc5d6, chiyo, 9854277, 11, chiyo_(pk19981234), 0
6294de1ddc57125408abc5d7, é›ªäºŒã€‚, 68681606, 11, yukinimaru, 0
6294de1ddc57125408abc644, ç²æ±°, 5494559, 11, hoshizaki_reita, 0
62b6a0e2e1ef661f2f3d90f3, Kook, 2168536, 11, kook, 0
62b6a11a5e943443c1ee9a38, å°é‡ã„ãŸã‚‹, 18616490, 11, ono_itaru, 0
62b8274298a5a451502c879a, è½»èˆwu, 45856058, 11, qing_wu, 0
62dbadbcadb1cf8dbbd9977b, æ˜¥èŠå¤©ã†ã©ã‚“, 5921803, 11, shungikuten shungikuten_shungikuten, 0
6294de1cdc57125408abbd55, æ‘ä¸Šæ°´è», 6756759, 10, murakami_suigun, 0
6294de1cdc57125408abbd84, orico, 565993, 10, orico, 0
6294de1cdc57125408abbe2d, D. JOKO, 16005278, 10, egoist-001, 0
6294de1cdc57125408abbe57, DE, 42401147, 10, de_da_xianyu, 0
6294de1cdc57125408abbe61, PopoMan(æ³¡æ³¡éºµ), 2150152, 10, popoman, 0
6294de1cdc57125408abbe66, fujiko, 22109530, 10, fujiko_(emnprmn), 0
6294de1cdc57125408abbe6b, piYO, 2308057, 10, piyo_(pixiv_2308057), 0
6294de1cdc57125408abbe7a, ä¹…å’ŒåŸå¤§å­£, 4933090, 10, kuwahara_taiki, 0
6294de1cdc57125408abbe98, ã«ã“ã³ãƒ, 2382127, 10, nicoby, 0
6294de1cdc57125408abbec3, mute, 68781084, 10, mute_(mute89539160), 0
6294de1cdc57125408abbec6, èŒæ–°ç”»æ¸£, 17432645, 10, moe_shin_image_residue, 0
6294de1cdc57125408abbece, -KEn-, 36285021, 10, ken-san, 0
6294de1cdc57125408abbf19, ãŸã¾ã³, 5847107, 10, tama_(tamakaka1031), 0
6294de1cdc57125408abbf20, ç™½ä¸å°‘å¹´(ã—ã‚‰ã„ã¨), 2175653, 10, baisi_shaonian, 0
6294de1cdc57125408abbf66, ä¸¶è§‚å¶, 12167010, 10, zhu_guan_ye, 0
6294de1cdc57125408abbf74, TheAtKO, 29529459, 10, the_atko, 0
6294de1cdc57125408abbf76, ã—ãŠã‚“ã˜, 5598737, 10, shionji_ax, 0
6294de1cdc57125408abbf7b, åº·(ã‚„ã™), 18643150, 10, yasu_(segawahiroyasu), 0
6294de1cdc57125408abbf88, é¢¨ã®è¡Œè€…, 2283717, 10, windwalker, 0
6294de1cdc57125408abbf8b, éœœæœˆæ±, 701425, 10, shimotsuki_shio, 0
6294de1cdc57125408abbfa2, è°·ç«‹, 6108600, 10, tsang_yu_chun, 0
6294de1cdc57125408abbfa5, ãƒ˜ãƒªã‚’, 341823, 10, herio, 0
6294de1cdc57125408abbfff, äº¬å¸«ã™ã‚ãŸ, 521173, 10, keishi_surota, 0
6294de1cdc57125408abc00d, ã¯ã­ã‚‰ã‚€, 18591908, 10, haneramu, 0
6294de1cdc57125408abc029, JASONY, 22277110, 10, jasony, 0
6294de1cdc57125408abc038, TEDDY, 593960, 10, teddy_(khanshin), 0
6294de1cdc57125408abc060, ä¸‰è‰²ç¶²æˆ¸ã€‚, 226272, 10, sanshoku_amido, 0
6294de1cdc57125408abc090, pigo ne, 44068453, 10, pigone, 0
6294de1cdc57125408abc091, ã¯ã™ã¿, 15500492, 10, hasumi_(hasubatake39), 0
6294de1cdc57125408abc097, green322, 18367449, 10, green322, 0
6294de1cdc57125408abc0aa, ãŸãã®ã¿, 19754492, 10, takunomi takunomi_tagme, 0
6294de1cdc57125408abc0b7, åƒç¨®ã¿ã®ã‚Š@ãŠä»•äº‹å‹Ÿé›†ä¸­, 41106591, 10, chigusa_minori, 0
6294de1cdc57125408abc0b8, ã‚¢ãƒ³ãƒ‰ã‚¦ãƒ¦ã‚¦/AndouYou, 27998763, 10, andou_you wet_andou_you, 0
6294de1cdc57125408abc0c5, mimo, 29811192, 10, mimoza, 0
6294de1cdc57125408abc0f1, HYONEE, 15457033, 10, hyonee, 0
6294de1cdc57125408abc103, DoHam, 50278663, 10, doham, 0
6294de1cdc57125408abc10b, ä¸‰å´ã€€ã®ãªã‹, 10366936, 10, misaki_nonaka, 0
6294de1cdc57125408abc11e, æ±å°§, 7902059, 10, besmiled, 0
6294de1cdc57125408abc15e, ä¹å††, 14929299, 10, kuen_(kuennn12), 0
6294de1cdc57125408abc164, æ˜æ˜¥, 17091516, 10, minncn, 0
6294de1cdc57125408abc16b, è©, 66371932, 10, hagi_(ame_hagi), 0
6294de1cdc57125408abc179, ã‚ã‚“ãŠ, 63626008, 10, ano_(gccx8784), 0
6294de1cdc57125408abc180, Patch, 53350603, 10, immi_immi tagme_immi_immi, 0
6294de1cdc57125408abc389, é»’å·£ã‚¬ã‚¿ãƒª, 13472044, 10, ac_butsupa, 0
6294de1cdc57125408abc3c6, signoAAA@ãŠä»•äº‹å‹Ÿé›†ä¸­, 885512, 10, signo_aaa, 0
6294de1cdc57125408abc3c9, ç”°å®®ç§‹äºº, 578899, 10, tamiya_akito, 0
6294de1cdc57125408abc3d3, ã‚Šãã£ã©, 38852353, 10, oserotto, 0
6294de1ddc57125408abc3f0, inoino, 1484080, 10, ino makaino_ririmu, 0
6294de1ddc57125408abc408, ALLENES, 8217405, 10, allenes, 0
6294de1ddc57125408abc422, ã—ã®ï¼ ãŠä»•äº‹å‹Ÿé›†ä¸­, 10034758, 10, sino42, 0
6294de1ddc57125408abc42f, ã¿ã‚Œã„ï¼ ?, 746841, 10, mirei gundou_mirei, 0
6294de1ddc57125408abc453, ã‚«ãƒ©ã‚¹ãƒ­, 32778021, 10, karasuro, 0
6294de1ddc57125408abc46c, ãƒ¢ã‚¹, 174527, 10, baiken, 0
6294de1ddc57125408abc477, nashidrop, 55926634, 10, nashidrop, 0
6294de1ddc57125408abc4c8, pellas, 4028484, 10, pellas_(panix2383), 0
6294de1ddc57125408abc4e2, ã•æŠœã, 9888246, 10, sanuki_(kyoudashya), 0
6294de1ddc57125408abc507, SilverTsuki(éŠ€æœˆï¼‰, 65904961, 10, silvertsuki1, 0
6294de1ddc57125408abc5f1, é¢¨æãŸã‚†, 2119953, 10, tayuya1130, 0
6294de1ddc57125408abc5f7, ç´€å¥ˆ, 237082, 10, kinona, 0
6294de1ddc57125408abc5fd, æ°·èœ&ç«ãƒ, 926687, 10, hinahino, 0
6294de1ddc57125408abc603, å°æ—ãƒãƒ­, 198028, 10, sakura_miku, 0
6294de1ddc57125408abc607, DOLECHAN, 7857643, 10, dolechan, 0
6294de1ddc57125408abc64d, ãƒŸãƒ¥ã‚·ãƒ£@ãŠä»•äº‹å‹Ÿé›†ä¸­, 12314321, 10, myusha, 0
6294de1ddc57125408abc65b, ä¹…., 649564, 10, issign, 0
62b6a0e2e1ef661f2f3d90bf, ã‚½ãƒ³ã‚·ãƒ«, 6673883, 10, sake_dong, 0
62b6a11a5e943443c1ee9a08, ãã¿ã“, 3220191, 10, kumiko_shiba vspo!, 0
62b6a11b5e943443c1ee9a8b, Akito, 7193000, 10, akito_(d30n26), 0
62b6ee967c2579dc62ef20c8, ãƒ¤ãƒ«ã‚¯/äºç‰ä¹…, 105609, 10, yaruku yaruku_angel, 0
62b73c79684fbc3732a9a12e, ã¿ã¤ã©ã†ãˆ, 6526081, 10, mitsudoue, 0
62b81cfd6600ca65ce917e02, ç»Š, 16034374, 10, hokori_sakuni, 0
62b81cff6600ca65ce917e08, ã‚ãšãƒ¼ã‚‹, 5838770, 10, azuuru, 0
62b8273798a5a451502c8767, ã‚ã‚‹ã·, 1746953, 10, alp, 0
62b8273b98a5a451502c8777, 63, 18208444, 10, koyo_akio, 0
631f050346b8283819dfd579, ã¿ãªã¨ãŠã˜ãŸã‚“ï¼™/ï¼‘ï¼’ãƒ•ã‚¡ãƒ³ãƒœ, 3065392, 10, minato_ojitan, 0
6294de1cdc57125408abbd21, ã®ãˆãŠã¿, 11831162, 9, noeomi, 0
6294de1cdc57125408abbd34, monaim, 18380615, 9, monaim, 0
6294de1cdc57125408abbd48, ä¼Šä¸œæ‚éŸ³, 139872, 9, ito_noizi, 0
6294de1cdc57125408abbd62, Shinjugai (Takeda Hiromitsu), 256946, 9, takeda_hiromitsu, 0
6294de1cdc57125408abbd7b, Lucknight, 4751175, 9, lucknight, 0
6294de1cdc57125408abbdc1, savagexthicc, 33350782, 9, savagexthicc, 0
6294de1cdc57125408abbe5f, FTW, 33385052, 9, fintowing, 0
6294de1cdc57125408abbea8, ã‹ã®ã±ã‚“, 8001292, 9, kanopan, 0
6294de1cdc57125408abbeb3, è¿›åŸºçš„å°‘å¹´, 25245067, 9, jinjide_shaonian, 0
6294de1cdc57125408abbebf, DUDU, 3518500, 9, kangagi97, 0
6294de1cdc57125408abbedf, æ¡œã®ç¯ã‚‹æ—¥ã¸?, 41510503, 9, sakuranotomoruhie, 0
6294de1cdc57125408abbf1a, ãƒ“ãƒ¢, 38437236, 9, jtveemo, 0
6294de1cdc57125408abbf8c, ä¼Šå¤Ahh, 20341103, 9, ygahh ygahh_arknights, 0
6294de1cdc57125408abbf91, é’äº•æœ‰ç´€/ãŸã ã®ã‚†ãã“, 2066175, 9, aoi_yuki possible_duplicate_aoi_yuki, 0
6294de1cdc57125408abbf9c, ç¡«é…¸éŠ…, 14282689, 9, cuso4_suiwabutu marie_antoinette_(fate_grand_order)_cuso4_suiwabutu, 0
6294de1cdc57125408abbf9d, æ‚²ã—ã‚¯ãƒ¢, 21171001, 9, tagme_kanashi_kumo kanashi_kumo, 0
6294de1cdc57125408abbfa8, ã‚°ãƒ ãƒ©ãƒƒãƒˆ /Goomrrat, 2166892, 9, goomrrat, 0
6294de1cdc57125408abbfb6, Nekojira, 4526277, 9, nekojira, 0
6294de1cdc57125408abbfbf, ã«ã‚ƒã¾ã, 3042172, 9, tamaso, 0
6294de1cdc57125408abbfc2, é å´, 41237754, 9, tobi_(pixiv41237754), 0
6294de1cdc57125408abbffe, HARURI, 14772638, 9, haruri, 0
6294de1cdc57125408abc00b, Lufi_Ays, 19209684, 9, lufi_ays, 0
6294de1cdc57125408abc00e, é›¨éŸ³ã†ãŸãŸ, 19680969, 9, amane_utata, 0
6294de1cdc57125408abc01e, kanniiepan, 19591509, 9, kanniiepan irene_(kanniiepan), 0
6294de1cdc57125408abc024, é›ª/yuki, 69374642, 9, yuki_(asayuki101) yuki_(asayuki101)_animal_ears yuki_(asayuki101)_azur_lane, 0
6294de1cdc57125408abc03c, SIHA, 59474517, 9, siha, 0
6294de1cdc57125408abc04e, è—ç¶¬ã‚¢ã‚¤ãƒ©, 1374908, 9, ranju_aira, 0
6294de1cdc57125408abc04f, MADAENG, 46812847, 9, whyingre whyingre_heels, 0
6294de1cdc57125408abc056, Horz, 10507986, 9, horz, 0
6294de1cdc57125408abc06f, NIXEU, 49552835, 9, nixeu, 0
6294de1cdc57125408abc075, å¤©åŸã‚¹ãƒãƒ«, 37292884, 9, amahara_subaru, 0
6294de1cdc57125408abc077, Ytoy, 234241, 9, ytoy, 0
6294de1cdc57125408abc080, çœŸç™½é›ªå¤œ, 1110208, 9, mashiro_yukiya, 0
6294de1cdc57125408abc081, æ¡é‡, 3297691, 9, ttk_(kirinottk), 0
6294de1cdc57125408abc0c4, ã«ã®å­, 204506, 9, ninoko, 0
6294de1cdc57125408abc0c8, Kanon, 12361024, 9, kanon_12361024, 0
6294de1cdc57125408abc0d9, ã¾ã‚çŒ«, 14924165, 9, maeshimashi, 0
6294de1cdc57125408abc0e5, SAWKM, 25602174, 9, sawkm, 0
6294de1cdc57125408abc0ef, raruã€‚, 7270593, 9, raru_(nanaharararu), 0
6294de1cdc57125408abc0f9, TNR, 12864496, 9, tnr_(horiko1525) tnr_(horiko1525)_azur_lane, 0
6294de1cdc57125408abc109, Asc11, 5232718, 9, asc11, 0
6294de1cdc57125408abc16c, éœ“ç¼ã®èˆ, 65309246, 9, niduannowu, 0
6294de1cdc57125408abc395, Alpha, 16051830, 9, alpha_(alpha91) uncensored_alpha_(alpha91), 0
6294de1cdc57125408abc3a8, Ursica, 28458531, 9, ursica, 0
6294de1cdc57125408abc3b9, eno, 6512194, 9, enosan, 0
6294de1cdc57125408abc3ca, ç ´å£Šç¥, 965802, 9, hakai_shin, 0
6294de1cdc57125408abc3cb, Ormille, 882970, 9, ormille, 0
6294de1cdc57125408abc3ce, ã¿ã‚‹ãµããƒ¼, 23596716, 9, mirufuaa, 0
6294de1cdc57125408abc3da, devil heavens, 15966644, 9, devil_heavens, 0
6294de1ddc57125408abc403, æƒé™¤æœ‹å…·, 4856899, 9, souji_hougu, 0
6294de1ddc57125408abc40a, ã¿ã‚ï¼ åœŸæ²–ï¼†ã‚¢ã‚·ãƒ¥ã‚«ãƒå¸ƒæ•™ä¸­, 15726724, 9, mia_(gute-nacht-07), 0
6294de1ddc57125408abc41f, éƒ(IKU), 5476137, 9, iku_(ikuchan_kaoru), 0
6294de1ddc57125408abc42b, Darkmaya, 474346, 9, darkmaya, 0
6294de1ddc57125408abc451, Dolri, 53416824, 9, dolri, 0
6294de1ddc57125408abc461, Hs., 25841105, 9, hs_(user_hvww8443), 0
6294de1ddc57125408abc462, ã¨ã‚Šã—ã‚…, 7723553, 9, shaddoll_fusion, 0
6294de1ddc57125408abc471, WaNnE, 34800998, 9, wanne wanne_tagme, 0
6294de1ddc57125408abc475, ãƒ¦ã‚­ãƒã‚¹ã‚¿ãƒ¼Z@æ–°åˆŠã§ãã¾ã—ãŸ, 2697420, 9, yukibuster yukibuster_animal_ears, 0
6294de1ddc57125408abc485, å²æœ¬c16e4, 24945534, 9, shiben_(ugvu5784), 0
6294de1ddc57125408abc49e, ã‚ã‹ã¤ãè–, 557857, 9, akatsuki_hijiri, 0
6294de1ddc57125408abc4e8, hayan@ãŠä»•äº‹å‹Ÿé›†ä¸­, 16227951, 9, shiro_albino, 0
6294de1ddc57125408abc512, Jeze, 42042821, 9, jeze, 0
6294de1ddc57125408abc5cc, SAâ€˜yuki, 6266532, 9, sa'yuki, 0
6294de1ddc57125408abc5d0, ãƒˆãƒ—/topu, 5850450, 9, topu, 0
6294de1ddc57125408abc5de, reivash.art, 17635978, 9, reivash, 0
6294de1ddc57125408abc609, BipUp, 68967311, 9, bipup-hola raiden_shogun_bipup-hola, 0
6294de1ddc57125408abc64f, Rumoon, 9095552, 9, rumoon, 0
62b6a1185e943443c1ee98e1, MIGU, 5816462, 9, migu_(iws2525), 0
62b6a1195e943443c1ee99c0, ä¸ƒæœˆå­ä¹¦, 15145059, 9, liu_lan, 0
62b73c67684fbc3732a9a0d8, ç™½æ©‹è‘‰, 50447317, 9, ajiko_awayuki shiro_kanae, 0
62b7f2231eff76edcbe1317c, ç…èŒ¶, 162475, 9, senchat, 0
62b81cf06600ca65ce917dc1, ã¿ãš, 34188767, 9, mizu_(lzzrwi603), 0
62dbadc9adb1cf8dbbd997b4, yejji, 12131266, 9, kellymonica02, 0
631f050546b8283819dfd581, ChiaChun, 42965004, 9, chiachun0621, 0
631f050746b8283819dfd586, rosumerii, 67345848, 9, rosumerii, 0
6294de1cdc57125408abbd3b, sayori, 104409, 8, sayori, 0
6294de1cdc57125408abbd5a, AkitakaAkita, 12739753, 8, akitaka_akita, 0
6294de1cdc57125408abbeb2, ã—ã®ã™ã¨, 33015468, 8, shino_sto, 0
6294de1cdc57125408abbec1, å­Ÿé”, 3872398, 8, luse_maonang, 0
6294de1cdc57125408abbec5, Imavizard, 63233910, 8, imavizard, 0
6294de1cdc57125408abbf21, ã¿ã“ã¨ã‚ã‘ã¿, 501378, 8, mikoto_akemi, 0
6294de1cdc57125408abbf22, N.G., 4872213, 8, n.g., 0
6294de1cdc57125408abbf28, Raijuu, 2218729, 8, raijuu_(bakanara), 0
6294de1cdc57125408abbfca, beeå°å¸«, 9347101, 8, bee_doushi, 0
6294de1cdc57125408abbfd1, BeeeeeN, 12406994, 8, beeeeen_213, 0
6294de1cdc57125408abbfda, ä¸‰åªæ˜¥, 10544264, 8, chun-ge, 0
6294de1cdc57125408abbfdb, Miyamoya, 2401513, 8, miyamoya, 0
6294de1cdc57125408abbff3, ã«ã‚‡, 1632590, 8, nyome991, 0
6294de1cdc57125408abc020, ã»ãŸã¦ã¡ã‚ƒã‚“, 29573185, 8, hotate-chan, 0
6294de1cdc57125408abc044, çƒ‚èœ, 2788682, 8, shoutai, 0
6294de1cdc57125408abc052, WongPanda, 619064, 8, pandea_work, 0
6294de1cdc57125408abc061, ã‚·ã‚§ãƒ«ãƒ„, 610845, 8, schelz, 0
6294de1cdc57125408abc072, å°ç½—XL-, 23291566, 8, xlnosearch_(xlxiaoluodiaofa) xlnosearch_(xlxiaoluodiaofa)_ass, 0
6294de1cdc57125408abc087, ã‚¢ã‚·ãƒ, 2642047, 8, sutorora, 0
6294de1cdc57125408abc088, JINROU, 45618819, 8, jin_rou, 0
6294de1cdc57125408abc08b, pippin, 41662926, 8, pippin_sol, 0
6294de1cdc57125408abc09d, CheLA77, 44811365, 8, chela77, 0
6294de1cdc57125408abc09f, é¸¦å±…, 22298878, 8, yajuu, 0
6294de1cdc57125408abc0a2, ç´è¨€(ã‚¤ãƒ©ã‚¹ãƒˆ)@ã‚¨ãƒ¢ã‚¤å ‚, 31731664, 8, nagon emoi_do, 0
6294de1cdc57125408abc0a3, ãƒªãƒ«, 22220502, 8, reel_(riru), 0
6294de1cdc57125408abc0af, Lebring, 13804302, 8, lebring, 0
6294de1cdc57125408abc0b3, ã‚«ã‚²ã‚·ã‚ª, 276006, 8, kageshio, 0
6294de1cdc57125408abc0ba, â–¡â–³â—‹, 31755575, 8, kataku_musou, 0
6294de1cdc57125408abc0d1, å››ã€…ä¹, 533800, 8, yoshiku, 0
6294de1cdc57125408abc0d3, DaylightAllure, 9820653, 8, daylightallure, 0
6294de1cdc57125408abc0f4, å‡¶æ‰‹å½, 22901208, 8, xiongshouji, 0
6294de1cdc57125408abc0fc, æ‰ã‚†ã‚?, 4315557, 8, momi_yuro, 0
6294de1cdc57125408abc108, ã¯ã‚‰ã‘ã‚“ã—, 44869033, 8, hara_kenshi, 0
6294de1cdc57125408abc116, æˆ˜äº”æ¸£, 9566396, 8, zfivez zfivez_arknights, 0
6294de1cdc57125408abc117, è´¦å·åœæ­¢, 1828709, 8, maya_g, 0
6294de1cdc57125408abc11b, Lance, 14538670, 8, lance_(lancelliu), 0
6294de1cdc57125408abc132, ã®ã‚“ã³ã‚Š, 8249246, 8, nonbiri, 0
6294de1cdc57125408abc134, Roha, 14561023, 8, r_o_ha, 0
6294de1cdc57125408abc139, åŠæ©‹å¤œæ³Š, 12160421, 8, fang_qiao, 0
6294de1cdc57125408abc166, PengRani, 42251333, 8, pengrani, 0
6294de1cdc57125408abc181, å±±æ³¢ã¤ã„, 17308230, 8, yamaha_tsui yamaha_tsui_ass, 0
6294de1cdc57125408abc18b, é å·ã—ã‚‡ã‚“ãªã„ã‚¦ã‚©ãƒ¼ã‚«ãƒ¼, 43370088, 8, raiz_art_works, 0
6294de1cdc57125408abc190, ãŸã‘ã® ã“ã®ã‚ˆã†ã€‚, 28750536, 8, takenoko_no_you, 0
6294de1cdc57125408abc390, ç¬¹å²¡ãã‚“ã, 1019732, 8, sasaoka_gungu, 0
6294de1cdc57125408abc393, Pwd, 13966401, 8, pwd, 0
6294de1cdc57125408abc399, ã‚­ã‚°ãƒŠã‚¹, 634595, 8, cygnus, 0
6294de1cdc57125408abc3a0, karory, 18095070, 8, karory possible_duplicate_karory, 0
6294de1cdc57125408abc3ab, å’²ä¹ƒ, 3810321, 8, primamiya, 0
6294de1cdc57125408abc3b5, sianå¦–ç²¾, 249990, 8, sian, 0
6294de1cdc57125408abc3db, whois, 30585372, 8, whois, 0
6294de1ddc57125408abc41c, ã—ãŠã“ã‚“ã¶, 920720, 8, shiokonbu, 0
6294de1ddc57125408abc43f, PDXen, 11945252, 8, pdxen, 0
6294de1ddc57125408abc479, ãƒ“ãƒƒã‚°ã‚·ãƒ£ã‚¤ãƒ³ / 19æ™‚æŠ•ç¨¿, 8548115, 8, big_shine, 0
6294de1ddc57125408abc47d, é€¸ã®ã‚ã‚‹ãè¡Œ, 39367730, 8, innoarukugyou, 0
6294de1ddc57125408abc481, SpiderApple, 13183107, 8, spider_apple, 0
6294de1ddc57125408abc497, Nash11, 17889266, 8, nash11, 0
6294de1ddc57125408abc4a6, ã‚„ã¿ãã‚‡ã‚“ï¼ ãŠä»•äº‹å‹Ÿé›†ä¸­, 5536000, 8, yamikyon, 0
6294de1ddc57125408abc4a8, ãªãã‚‡, 36951223, 8, na_kyo, 0
6294de1ddc57125408abc4ac, ã¿ã‹ã‚“ã€‚, 2154778, 8, mikan_(chipstar182), 0
6294de1ddc57125408abc4bd, ã‹ã™ã¿, 51638609, 8, kasumi_(skchkko), 0
6294de1ddc57125408abc4c6, é›¨æƒ…, 3394308, 8, kangaruu_(momotk1109), 0
6294de1ddc57125408abc4e7, é³´å³¶ã‹ã‚“ãª@ãŠä»•äº‹å‹Ÿé›†ä¸­, 1971139, 8, narushima_kanna, 0
6294de1ddc57125408abc4ea, ç§‹çŒª, 9252391, 8, autumn_boar, 0
6294de1ddc57125408abc50e, ã‚‚ã¨ã¿ã‚„ã¿ã¤ã, 316240, 8, motomiya_mitsuki, 0
6294de1ddc57125408abc5d1, STD, 23403372, 8, steins, 0
6294de1ddc57125408abc5d2, é¾™ä¹‹å¤©é›ª, 835458, 8, yijian_ma, 0
6294de1ddc57125408abc5ff, ç´€å°‹, 4476849, 8, yahiro_(heartseek000), 0
6294de1ddc57125408abc62d, Han-0v0, 2789599, 8, han-0v0, 0
62b6a0e2e1ef661f2f3d90ba, shu-ri, 41193362, 8, shu-ri shu-ri_shu-ri tenka_hyakken_shu-ri, 0
62b6a1195e943443c1ee9900, æˆ´å¯DK, 80786627, 8, daichengqi, 0
62b6a1195e943443c1ee9983, KiTA, 1922517, 8, elise_(piclic), 0
62b6a1195e943443c1ee99ac, Azomo, 6342480, 8, avamone azomo, 0
62b6a1195e943443c1ee99b4, ã‚ãŸãŠ, 1107750, 8, oyu_(sijimisizimi), 0
62b6a11a5e943443c1ee9a06, ã‚ªã‚¯ãƒ¢ãƒˆæ‚ å¤ª, 681674, 8, okumoto_yuuta, 0
62b73c6f684fbc3732a9a0ff, æµ·å‡ªã‚³ã‚¦ã€KOHã€‘, 1336451, 8, koh_(minagi_kou), 0
62b73c82684fbc3732a9a154, KeinV, 17870444, 8, maskwolf, 0
62b73c87684fbc3732a9a16b, jizell, 3188730, 8, ojay_tkym, 0
62b81d046600ca65ce917e22, ãƒã‚¨ã‚·ãƒ/ã¼ã™ã¨ã, 14319416, 8, maeshima_shigeki, 0
62b8274498a5a451502c879f, å…oi, 12018749, 8, usagi_poi, 0
62b8308efe675fecf31f6fb5, åœåœ, 2156906, 8, caaaaarrot, 0
62b830a0fe675fecf31f6fff, çšæœˆã€€æµ, 5268156, 8, satsuki_kei, 0
62b83611fe675fecf31f7031, ã‚„ã°ã¡ã‚ƒ, 70672299, 8, yaba_(yabababa500), 0
62dbadb8adb1cf8dbbd9976d, ç ‚åŸãƒã‚¤ã‚«, 73219283, 8, maica_sunahara, 0
631f050546b8283819dfd57f, ny7, 16938276, 8, noyuki_(3702), 0
631f050946b8283819dfd58e, ä»°æœ›å¤©ç©ºçš„æ¨¹, 7335831, 8, eggs_zero shirt_lift_eggs_zero, 0
631f050c46b8283819dfd593, NT00, 2344550, 8, nt00, 0
631f052246b8283819dfd5d7, ErosPanda, 20944721, 8, erospanda, 0
631f052546b8283819dfd5dc, Pafekui, 23778494, 8, pafekui, 0
63227e28f11cfc07daa795d6, vierzeck, 17722960, 8, vierzeck, 0
63227e2af11cfc07daa795dc, Lunacle, 15657814, 8, lunacle, 0
63227e2cf11cfc07daa795e4, Puracotteï¼Šã·ã‚‰ã“, 887024, 8, puracotte, 0
6323d22c4e66a23b0b3df8b2, é›¨å£±çµµç©¹, 2459678, 8, amaichi_esora, 0
6294de1cdc57125408abbd89, YOAFERIA, 4443828, 7, yoaferia000 yoaferia, 0
6294de1cdc57125408abbf0e, ãƒ©ãƒ—ãƒˆãƒ«ï¼—, 717077, 7, raptor7, 0
6294de1cdc57125408abbf12, ãˆã¡ã‚‹, 56006815, 7, echiru, 0
6294de1cdc57125408abbf13, æŸŠã¯ã˜ã‚, 519963, 7, hiiragi_hajime, 0
6294de1cdc57125408abbf16, ICECAKE, 17795910, 7, ice_(dzs1392584271), 0
6294de1cdc57125408abbf33, lulu-chan, 5843324, 7, lulu-chan92, 0
6294de1cdc57125408abbf5c, Rasa, 34430983, 7, rasa_k, 0
6294de1cdc57125408abbf6c, ã—ã, 11455840, 7, ameno_shigure pussy_ameno_shigure, 0
6294de1cdc57125408abbfef, ãƒˆãƒãƒª, 2088434, 7, tomari, 0
6294de1cdc57125408abbffc, Hotaruzzzz, 38408514, 7, tatatsu, 0
6294de1cdc57125408abc00a, ã—ãƒãªã‘ãƒãª@HNè€ƒãˆä¸­, 2966166, 7, tea_(nakenashi), 0
6294de1cdc57125408abc010, risumi, 16125441, 7, risumi_(taka-fallcherryblossom), 0
6294de1cdc57125408abc028, AliosArvin, 16835984, 7, sdustz, 0
6294de1cdc57125408abc02f, ãƒ•ãƒ©ã‚¤, 1024922, 7, fly, 0
6294de1cdc57125408abc03a, å¦–æ€ªåå–, 8590070, 7, natori_youkai, 0
6294de1cdc57125408abc03d, ã¦ã¨ã‚Š, 40966260, 7, tetori_(tetolisto) tetori_(tetolisto)_breast_hold, 0
6294de1cdc57125408abc042, Boingooé˜´é¸½, 8399415, 7, boingoo, 0
6294de1cdc57125408abc047, NSFW_oA, 9959001, 7, a_oapixiv, 0
6294de1cdc57125408abc04b, è—å·ä¸¶, 10720265, 7, lanchuan, 0
6294de1cdc57125408abc04c, å¤§å¤§å·, 17133151, 7, bigroll, 0
6294de1cdc57125408abc04d, éŠ€ã¿ã¤, 78858375, 7, gin_mitsu, 0
6294de1cdc57125408abc050, cac, 15887396, 7, cac_itinose, 0
6294de1cdc57125408abc053, Thanabis, 11936535, 7, th, 0
6294de1cdc57125408abc059, T-lex, 14366212, 7, , 0
6294de1cdc57125408abc05d, ãƒ•ã‚§ã‚®, 2998031, 7, feguimel, 0
6294de1cdc57125408abc06c, Bibimbub, 44960863, 7, bibimbub, 0
6294de1cdc57125408abc0a8, ãƒ©ãƒãƒ³ãƒ€, 5587361, 7, ramanda, 0
6294de1cdc57125408abc0ab, ãƒªãƒ³ã‚°@fanboxæ›´æ–°ä¸­, 2793583, 7, aki663, 0
6294de1cdc57125408abc0ae, é€®è™¾æˆ·, 5470786, 7, shibanme_tekikumo, 0
6294de1cdc57125408abc0c0, Jewel, 5170635, 7, jewel_(the_black_canvas), 0
6294de1cdc57125408abc0cf, è›, 28530416, 7, kuo_(kuo114514), 0
6294de1cdc57125408abc0de, LB.MK2, 12457925, 7, lubikaya1, 0
6294de1cdc57125408abc0e0, çŒ«ã—ã‚‡ã“, 32045169, 7, nekoshoko, 0
6294de1cdc57125408abc0fa, DoL, 6669513, 7, lordol, 0
6294de1cdc57125408abc0fb, hotumoyiæ‹¾å…­, 12696075, 7, hitomi_o, 0
6294de1cdc57125408abc0ff, Fallen-leaves, 16433298, 7, fallen-leaves, 0
6294de1cdc57125408abc10f, ã‚ã’ãŸã¾, 1005603, 7, agetama, 0
6294de1cdc57125408abc13e, æ®˜ç«¹(CANZU), 2785733, 7, can_zhu, 0
6294de1cdc57125408abc142, dako(ä»•äº‹å‹Ÿé›†ä¸­), 847863, 7, hu_dako, 0
6294de1cdc57125408abc150, è‹¥å¹²çˆª, 23174275, 7, ruo_gan_zhua, 0
6294de1cdc57125408abc168, Iro, 13348983, 7, boo_iro, 0
6294de1cdc57125408abc18d, CAISENA, 15611520, 7, caisena, 0
6294de1cdc57125408abc39c, çŒ«æ°´ç€¬, 3682550, 7, nekominase, 0
6294de1cdc57125408abc3a6, ãŠãã‚‡ã†, 18960704, 7, kyoyakyo, 0
6294de1cdc57125408abc3b2, ã‚¹ã‚¦ã‚£ãƒƒãƒï¼ï¼‘, 811089, 7, suuitchi, 0
6294de1cdc57125408abc3b8, ã‚ˆã—ã‚ã‚“, 574100, 7, yoshiron, 0
6294de1cdc57125408abc3bb, çŒ«é‹è’¼, 4065575, 7, nekonabe_ao, 0
6294de1cdc57125408abc3c7, sendo, 13582409, 7, sendrawz, 0
6294de1cdc57125408abc3c8, æ°´å¹³ ç·šâ—†é‡‘æ›œæ±ï¼£ï¼01a, 9313943, 7, suiheisen, 0
6294de1cdc57125408abc3d4, Ryudraw, 10633884, 7, ryudraw, 0
6294de1cdc57125408abc3e0, è—¤è¶., 17355710, 7, nanoda002_(saber427), 0
6294de1ddc57125408abc3e3, ç«œå´ã„ã¡, 563034, 7, ryuuzaki_itsu, 0
6294de1ddc57125408abc3ee, ã½ã‚ˆã‚ˆã‚“â™¥ã‚ã£ã, 16584138, 7, watanabe_akio, 0
6294de1ddc57125408abc413, ãƒãƒ¼ã‚ºãƒ‘ãƒ³, 3012583, 7, duan_henglong, 0
6294de1ddc57125408abc43e, ã‚¿ãƒ«ã‚¿ãƒ«å±±å²¡, 27773644, 7, sanbabasanba sanbabasanba_arknights, 0
6294de1ddc57125408abc441, ã¡ã³ã¡ã³, 59174068, 7, cbi_cbi, 0
6294de1ddc57125408abc445, æé“å¯‚, 5245628, 7, ji_dao_ji, 0
6294de1ddc57125408abc45c, ã‹ã™ã¦ã‚‰, 14089993, 7, odecono3 the_idolm@ster_shiny_colors_odecono3, 0
6294de1ddc57125408abc486, Sob, 22175521, 7, sob_(submar1089), 0
6294de1ddc57125408abc488, 90å¼ç”µç£åŠ å†œç‚®, 15230180, 7, shidiancijianongpao, 0
6294de1ddc57125408abc489, DusTea, 25055378, 7, dustea, 0
6294de1ddc57125408abc48c, è’¼ã‚¦ã‚µã‚®, 19095613, 7, jun_(aousa0328), 0
6294de1ddc57125408abc494, Megi.Nalter, 695970, 7, megi.nalter, 0
6294de1ddc57125408abc495, ã‚‚ã¡ã‚‚ã‚‚@ãŠä»•äº‹å‹Ÿé›†ä¸­, 394419, 7, azure-maya, 0
6294de1ddc57125408abc49c, é»’ç‚ç´³å£«â˜ƒ, 15058979, 7, black_fire, 0
6294de1ddc57125408abc4ae, ã‚®ãƒ§ã‚¸ãƒ¥, 59513788, 7, gz_(gyoju), 0
6294de1ddc57125408abc4b0, LUNIA, 10680274, 7, lunia_(artist), 0
6294de1ddc57125408abc4c7, Chopped, 29358668, 7, chyopeuteu, 0
6294de1ddc57125408abc4cb, ãƒãƒ¯ãˆã, 68651209, 7, noir_eku, 0
6294de1ddc57125408abc4f1, EGK513, 14592593, 7, egk513, 0
6294de1ddc57125408abc4fb, JYT@fanbox, 13371450, 7, jyt, 0
6294de1ddc57125408abc502, ã­ã—ã‚, 10848716, 7, neshia_(tsaqif0309), 0
6294de1ddc57125408abc506, ãªãã¯@ãŠä»•äº‹å‹Ÿé›†, 6468101, 7, nagiha_kuten, 0
6294de1ddc57125408abc510, J.salx2E, 17997081, 7, josal, 0
6294de1ddc57125408abc518, Ha_Yusa, 58548680, 7, ha_yusa, 0
6294de1ddc57125408abc51a, ãƒ–ã‚³, 34625547, 7, buko_(bukosuki), 0
6294de1ddc57125408abc5e0, ã²ã¨å’Œ, 1095667, 7, hitowa, 0
6294de1ddc57125408abc5e1, KIn, 3054186, 7, kinven, 0
6294de1ddc57125408abc5e3, Error, 60794869, 7, error1945, 0
6294de1ddc57125408abc5e4, PRay (ãƒ•ãƒ¬ã‚¤), 31528270, 7, pray_(furei), 0
6294de1ddc57125408abc5e7, é’´è“, 34337263, 7, gu_lan, 0
6294de1ddc57125408abc5f6, ã‚­ã‚µãƒ©ã‚® ãƒ„ãƒ«ã‚®, 5996466, 7, kisaragi_tsurugi, 0
6294de1ddc57125408abc5fb, é˜¿æœˆå”¯, 14237574, 7, azuki_yui sweater_azuki_yui, 0
6294de1ddc57125408abc605, ã‚‚ã‚„ãªã‚‹, 32991582, 7, moyan, 0
6294de1ddc57125408abc606, ãµãƒ¼ã«ã‚‡ã‚“, 32626059, 7, fuunyon, 0
6294de1ddc57125408abc608, å¯Œå£«å®®ã‚ŠãŠ, 20145524, 7, fujinomiya_reicho, 0
6294de1ddc57125408abc62c, ã¯ã‚‹ã“ã‚“, 973926, 7, halcon, 0
6294de1ddc57125408abc634, ä¹ä¸‰å¥¶ç³–, 10936001, 7, jiusan_naitan, 0
6294de1ddc57125408abc640, Mungduck, 18213685, 7, mungduck, 0
6294de1ddc57125408abc654, Lancheu, 13046090, 7, lancheu, 0
6294de1ddc57125408abc660, ãƒãƒƒã‚­ Heartki, 70472348, 7, heartki, 0
62b6a0e2e1ef661f2f3d90e2, lessOne, 61967906, 7, lessthanone, 0
62b6a0e2e1ef661f2f3d90e6, èŠ±å’²æ–¹èŒ¶, 3007259, 7, hanasaka_houcha, 0
62b6a0e2e1ef661f2f3d9102, ãˆã—ã­ã“, 41288892, 7, dentaku_music, 0
62b6a1185e943443c1ee9889, TunaMaYo/ ì°¸ì¹˜ë§ˆìš”, 5004992, 7, tunamayo_(dsasd751), 0
62b6a1185e943443c1ee989f, å¿˜å·ã®æ³‰çœ¼, 2616777, 7, hc, 0
62b6a1185e943443c1ee98c4, ã‚‚ã®ã, 2365965, 7, monoku, 0
62b6a1195e943443c1ee98f5, ãƒ€ãƒ³, 11398470, 7, dan-98 wallpaper_dan-98, 0
62b6a1195e943443c1ee995c, é›»ç£ç ²äºŒæœŸ@ãŠä»•äº‹å‹Ÿé›†ä¸­, 3193378, 7, misakamitoko0903, 0
62b6a11a5e943443c1ee99e6, ãƒ‹ã‚³, 380526, 7, niko_(tama), 0
62b6a11a5e943443c1ee99f4, EVANYI, 19293542, 7, evan_(912319), 0
62b6a11a5e943443c1ee9a00, v-mag, 190454, 7, v-mag mag_kan, 0
62b6a11a5e943443c1ee9a04, sola, 8764301, 7, sola_(solo0730), 0
62b6ec2a7c2579dc62ef20bd, Faichaï¼ ãŠä»•äº‹å‹Ÿé›†ä¸­, 14263721, 7, faicha, 0
62b6ee9a7c2579dc62ef20dc, Lumium, 42833451, 7, lamium_(artist), 0
62b73c73684fbc3732a9a113, ãƒãƒã¯ã¡, 1828438, 7, nonohachi, 0
62b73c7d684fbc3732a9a140, ë§ˆë¸”â˜…ë§, 9652540, 7, star-ring, 0
62b73c86684fbc3732a9a168, HEIJUNãƒ»ç‰ç”°å¹³æº–, 10427188, 7, tamada_heijun, 0
62b73c88684fbc3732a9a172, æœ‰æ¥½, 34992435, 7, yuuraku_yuraku, 0
62b73c89684fbc3732a9a176, éº¦åŒ–ï¼ ãŠä»•äº‹å‹Ÿé›†ä¸­, 33103381, 7, poko_(user_nyfd7873) mugika, 0
62b7eb11fc563af4e17d50fe, æ¯”æ˜‚æ ¼Beonger, 4953301, 7, hinoborukaku, 0
62b7eb12fc563af4e17d5102, ç‚¬ï¾–ï¾‚ï½·ï¾, 3312701, 7, yoggi_(stretchmen), 0
62b7f026fc563af4e17d5131, å·¦æˆ¿ä¸‰å®¤å¿ƒ, 18758563, 7, sabou_san-shitsu_kokoro, 0
62b7f032fc563af4e17d5169, ãã‚Œã€œã·, 3862270, 7, kure~pu, 0
62b7f2271eff76edcbe1318c, Torriet-ãƒˆãƒªã‚¨ãƒƒãƒˆ-, 59375709, 7, torriet, 0
62b81cf56600ca65ce917ddc, çˆ±ä¸œä¸œä¸çˆ±åƒç”Ÿè‚‰, 28771714, 7, ai_dongdong, 0
62b81cf76600ca65ce917de5, TAKASHIA, 10706782, 7, takashia_(akimototakashia), 0
62b81d086600ca65ce917e36, sokona, 43798244, 7, sokona_(sosokona), 0
62b8255a6600ca65ce917e53, SuperPig, 15231158, 7, superpig, 0
62b8274498a5a451502c87a1, ã‚ã, 2609622, 7, neki_(wakiko) waki_(pixiv2609622), 0
62b82ab098a5a451502c87b1, BNARI, 14385275, 7, bnari, 0
62dbadb7adb1cf8dbbd99769, ã„ã¡ã‹ã‚ã¯ã‚‹, 10551987, 7, ichikawa_haru, 0
62dbadbfadb1cf8dbbd99785, nike, 45249715, 7, nike_(nike1060), 0
62dbadc0adb1cf8dbbd9978b, ç«è‡¼æƒ¹, 13935530, 7, haowei_wu pantsu_haowei_wu, 0
62dbadc0adb1cf8dbbd9978d, FumaFu, 9284013, 7, fumafu, 0
62dbadc1adb1cf8dbbd9978f, Molyb, 6148103, 7, molyb, 0
62dbadc1adb1cf8dbbd99791, çœ çœ è‰, 34135273, 7, nemunemu_semi, 0
62dbadc8adb1cf8dbbd997ae, ä¸­åˆèŒ¶ä¼š, 13693035, 7, zhongwu_chahui zhongwu_chahui_asian_clothes, 0
631f050746b8283819dfd588, Sammi Hisame, 5514567, 7, sammi_hisame, 0
631f051346b8283819dfd5ab, æ²é›ªArayuki, 12212301, 7, mu_xue, 0
63212e67fac5adee47b0b150, å¡©ã“ã†ã˜, 808486, 7, matsusatoru_kouji, 0
63212e71fac5adee47b0b16b, WERI, 20728711, 7, weri, 0
6321ee0ed2fde8d379d1a571, ã»ã¿ãªã¿ã‚, 5420126, 7, yavalley, 0
632336cc94c2e1db8803344c, æ°¯é…¸é’¾çš„åˆ†è§£, 32221908, 7, bilibili_xiaolu, 0
6323470b94c2e1db88033472, ç•³ã¨æ¡§, 219621, 7, tatami_to_hinoki, 0
6294de1cdc57125408abbd7e, ã‚·ãƒ­ã‚¯ãƒA, 357034, 6, merufena, 0
6294de1cdc57125408abbe19, maett, 11668466, 6, maett, 0
6294de1cdc57125408abbe1b, memero_7272, 64101854, 6, memero_7272, 0
6294de1cdc57125408abbe49, rkrk12, 27519319, 6, rkrk12, 0
6294de1cdc57125408abc068, æœ½æœ¨æ‰èˆŸ, 1266244, 6, xiumu_bianzhou, 0
6294de1cdc57125408abc069, ãƒã‚µã‚­=ãƒŠãƒŠãƒ¤, 19881729, 6, masaki_nanaya, 0
6294de1cdc57125408abc074, è¥¿å‡ºã‚±ãƒ³ã‚´ãƒ­ãƒ¼, 175143, 6, nishiide_kengorou, 0
6294de1cdc57125408abc07c, å°è°..çˆªå·´, 9672227, 6, xiao_shei.., 0
6294de1cdc57125408abc07d, Arepko, 20754089, 6, damon_ct, 0
6294de1cdc57125408abc094, Snozakiç¯ å´, 19476792, 6, snozaki, 0
6294de1cdc57125408abc099, ã­ã­ã­ã˜, 63861743, 6, neneneji, 0
6294de1cdc57125408abc09b, æœ±ç‹—, 202462, 6, fenrir_(fenlil0316), 0
6294de1cdc57125408abc0a5, Sollyz, 4321822, 6, sollyz, 0
6294de1cdc57125408abc0a6, wa@C99æœ¨æ›œæ—¥æ±A11a, 502313, 6, wa_(genryusui), 0
6294de1cdc57125408abc0bb, YZTP, 8903546, 6, sanmery, 0
6294de1cdc57125408abc0bf, ã°ãŸ, 7671640, 6, batatata77, 0
6294de1cdc57125408abc0c1, èƒ½éƒ½ãã‚‹ã¿, 441987, 6, noto_kurumi, 0
6294de1cdc57125408abc0c3, É´á´€Ê€á´œá´‡/ãªã‚‹ã‚‘, 15086299, 6, naruwe, 0
6294de1cdc57125408abc0cb, ç¨²é³´å››å­£C99æœ¨æ›œæ—¥æ±ãƒ©29a, 789384, 6, inanaki_shiki, 0
6294de1cdc57125408abc0cc, YDIYA, 17862658, 6, ydiya, 0
6294de1cdc57125408abc0cd, Sagiri, 11151341, 6, sagiri_(ulpha220), 0
6294de1cdc57125408abc0ce, æº-C97:3æ—¥ç›®å—ã‚¢05-a, 869086, 6, gen_(enji), 0
6294de1cdc57125408abc0d7, milky, 17013116, 6, icebox46, 0
6294de1cdc57125408abc0eb, è°¿ç„, 13172966, 6, kirby_d_a, 0
6294de1cdc57125408abc111, ä¸­æ‘ã‚¨ã‚¤ãƒˆ, 4253496, 6, nakamura_eight, 0
6294de1cdc57125408abc118, ã¨ã, 14380777, 6, toki_(toki_ship8), 0
6294de1cdc57125408abc127, ä¹³ç´…èŒ¶@FANBOXæ›´æ–°, 30613689, 6, chichikoucha, 0
6294de1cdc57125408abc12d, ã¿ã£ãºã„, 24811999, 6, mippei29, 0
6294de1cdc57125408abc133, MinYom, 33757095, 6, minyom, 0
6294de1cdc57125408abc135, èƒ¡æ¡ƒã‚‚ã‹, 13762161, 6, kurumi_moka, 0
6294de1cdc57125408abc13f, DrUnk, 15553679, 6, dr_unk2020, 0
6294de1cdc57125408abc153, ç¥çŒå­, 29351619, 6, god_hunter, 0
6294de1cdc57125408abc156, ç·‹æœˆæ¥ä¸–, 7817503, 6, rairaisuruyo, 0
6294de1cdc57125408abc161, é±¼ä¸¸, 20532673, 6, yuwan_2333, 0
6294de1cdc57125408abc16f, Cotocoto, 5928415, 6, kotosuzu, 0
6294de1cdc57125408abc18f, éå¼, 14719710, 6, hishiki_(pixi14719710), 0
6294de1cdc57125408abc3b6, å¨˜å¨˜, 5160603, 6, aata1007, 0
6294de1cdc57125408abc3bc, laejjo, 1548776, 6, black_joa, 0
6294de1cdc57125408abc3bd, å €åšæ˜­, 1363948, 6, hori_hiroaki, 0
6294de1cdc57125408abc3c0, Silent, 2349252, 6, chapter0p, 0
6294de1cdc57125408abc3c1, æœˆè¯, 20486704, 6, gekka_nanako, 0
6294de1cdc57125408abc3c2, FED, 284551, 6, giba, 0
6294de1cdc57125408abc3d1, æœå±±A, 12153080, 6, moriyama_a, 0
6294de1cdc57125408abc3dc, SeoB, 20541116, 6, plus1024, 0
6294de1cdc57125408abc3df, tuchinokoeffect, 17106990, 6, tuchinokoeffect tuchinokoeffect_ichikawa_hinana, 0
6294de1ddc57125408abc3f5, å¤§ç†ŠçŒ«ä»‹, 363775, 6, ookuma_nekosuke, 0
6294de1ddc57125408abc418, é»’ç­† ANï½A, 6534923, 6, kurofude_anastasia, 0
6294de1ddc57125408abc419, ãƒãƒãƒªãƒªãƒ³, 2353813, 6, nonoririn, 0
6294de1ddc57125408abc425, Kac@ä»•äº‹å‹Ÿé›†ä¸­, 12077870, 6, kamkac, 0
6294de1ddc57125408abc428, ã‹ãˆã‚‹ã®ã“, 14926986, 6, kaerunoko, 0
6294de1ddc57125408abc442, AOï¼ ãŠä»•äº‹å‹Ÿé›†ä¸­, 440626, 6, aka_(440626), 0
6294de1ddc57125408abc446, ETÃ˜N, 31790771, 6, leenim, 0
6294de1ddc57125408abc48d, ã•ã®ã—ã‚‡ãƒ¼(Sano-Sho), 24953363, 6, sho_sano, 0
6294de1ddc57125408abc491, MING, 55692473, 6, ming_(user_arcn7324), 0
6294de1ddc57125408abc498, æ…¢é±¼, 68891022, 6, ritalem, 0
6294de1ddc57125408abc4a1, Guernical, 12406045, 6, guernical, 0
6294de1ddc57125408abc4b7, è’¼å’²ã‚†ããª, 3793453, 6, aosaki_yukina, 0
6294de1ddc57125408abc4ba, Amyu, 70292916, 6, amyu_(amm_asl_pa), 0
6294de1ddc57125408abc4bb, QYAN, 17953901, 6, qyan, 0
6294de1ddc57125408abc4bc, ã€‚ã±ã«ã½, 35826136, 6, panipo, 0
6294de1ddc57125408abc4c1, GreenBreeze, 33907559, 6, gr_greeze, 0
6294de1ddc57125408abc4cc, krill / frikulu, 24827522, 6, frikulu, 0
6294de1ddc57125408abc4ce, ã‚‚ã‚“ã·ã¡, 163916, 6, mon-petit, 0
6294de1ddc57125408abc4d9, ãºã‚“ãŸ, 52037856, 6, akira_(sayo_dayoo), 0
6294de1ddc57125408abc4f0, æµ…æ°´çˆ†å¼¾, 25077946, 6, qianshui_baodan, 0
6294de1ddc57125408abc500, é¡ä¹ƒã‚‚ã¡ã“, 69129794, 6, kagamino_mochiko, 0
6294de1ddc57125408abc501, MAOHç¥å„¿, 2581060, 6, ulquiorra0, 0
6294de1ddc57125408abc503, Scup, 25672546, 6, scup, 0
6294de1ddc57125408abc508, Halu, 32904957, 6, ekidona, 0
6294de1ddc57125408abc50d, å¦–å¹»ç‹, 2088216, 6, yougen_kitsune, 0
6294de1ddc57125408abc516, ã‚‚ã‚“ã¡ã‚ƒã‚“, 8812103, 6, mon-chan, 0
6294de1ddc57125408abc517, ç™½äº‘ç‹¬è‡ªåœ¨, 21016164, 6, duzizai, 0
6294de1ddc57125408abc5ea, ã¨ã‚‚ãã†, 5026486, 6, baseball, 0
6294de1ddc57125408abc5eb, ãƒ•ãƒŸã‚ª, 1135956, 6, fumio, 0
6294de1ddc57125408abc601, ã‚¯ãƒ­ãƒãƒ¦, 804861, 6, kuromayu, 0
6294de1ddc57125408abc60d, Doraski, 16597098, 6, doraski, 0
6294de1ddc57125408abc624, æˆæµ·ã‚¯ãƒªã‚¹ãƒ†ã‚£ã‚¢ãƒ¼ãƒãƒ¼ãƒˆ, 2977061, 6, narumi_cristear_note, 0
6294de1ddc57125408abc62e, é»’ç­†ï¼¡ï¼®ï½ï¼¡, 7544159, 6, kurofude_anna, 0
6294de1ddc57125408abc639, ç”»ç”»çš„é˜¿æ´›, 69525917, 6, aluo_7762, 0
6294de1ddc57125408abc63b, æ…§éªƒ, 25265836, 6, huiqian, 0
6294de1ddc57125408abc63e, æ—¥å¥, 903864, 6, rikui_(rella2930), 0
6294de1ddc57125408abc641, ãã‚‰ã—ãŠã‚“, 2390202, 6, gurasion, 0
6294de1ddc57125408abc642, ?pumpkin-K, 26242840, 6, k.pumpkin, 0
6294de1ddc57125408abc65d, ç’ƒç‹¬æ¥½, 14497909, 6, rikoma, 0
6294de1ddc57125408abc661, æ–¹å‘éŒ¯äº‚, 2671042, 6, fangxiang_cuoluan, 0
6294de1ddc57125408abc667, PiOKO, 33211259, 6, pistachiocream, 0
6294de1ddc57125408abc66b, ANPO / ì•ˆë³´ì˜ì‹, 68710088, 6, s2mias2, 0
62b6a1185e943443c1ee98b4, IDASU, 5238342, 6, hyun9164, 0
62b6a1185e943443c1ee98c8, ã‚¯ã‚¨ãƒ¢ãƒ³, 7047331, 6, kooemong, 0
62b6a1185e943443c1ee98da, cl, 9736734, 6, cl_(summer_sama), 0
62b6a11a5e943443c1ee99e1, XTER, 61515640, 6, xtermination, 0
62b6a11b5e943443c1ee9a97, è¥¿æ¢ã‚µãƒˆãƒ«, 912652, 6, saijou_satoru, 0
62b6a11b5e943443c1ee9aab, ä¸‰å£°å¤œé¹°, 3860517, 6, takano_jiyuu, 0
62b6a11b5e943443c1ee9ab3, Archive, 29535589, 6, ying_yi, 0
62b6a11b5e943443c1ee9ae7, _iyar_, 10632708, 6, iyar, 0
62b6a11b5e943443c1ee9aec, kd, 14524983, 6, kong_lang_(skywave), 0
62b6a11b5e943443c1ee9b00, æˆ‘ç¾è˜­C100æ—¥æ›œæ±ãƒ­â€22ï½‚, 2003931, 6, gabiran, 0
62b6e8d98e07372bdc4a5813, ã«ã‚…ã‚€, 6018940, 6, nyum, 0
62b6ee967c2579dc62ef20c6, Drop.BğŸŒ¸ãŠä»•äº‹å‹Ÿé›†ä¸­, 65755747, 6, dropb, 0
62b6ee977c2579dc62ef20cd, PixeL, 12464687, 6, pixel_(yuxian), 0
62b6ee977c2579dc62ef20cf, O cha, 30886283, 6, zim-o_(2cy520), 0
62b73c52684fbc3732a9a07d, å…”æ‰ç‰¹, 3123156, 6, tuzhate, 0
62b73c61684fbc3732a9a0c0, èµ¤å…”å’Œé£ä¸­, 16131820, 6, chitu_hefeng_zhong, 0
62b73c6e684fbc3732a9a0fb, KONGSI, 43343809, 6, kongsi, 0
62b73c71684fbc3732a9a109, Goback, 5846268, 6, goback, 0
62b73c7a684fbc3732a9a135, blink, 50741160, 6, blinkblink_art, 0
62b7eb15fc563af4e17d5112, èˆŒå±±è‘µ, 11891968, 6, tonguewasabi, 0
62b7f2211eff76edcbe13173, penguin_say, 16710545, 6, penguin, 0
62b83091fe675fecf31f6fc1, æœéœ§æ„›, 63164396, 6, asagiri_ai, 0
62b8309efe675fecf31f6ff5, ã°ãªãª, 52268240, 6, banana_oekaki, 0
62b8309ffe675fecf31f6ffb, ãƒãƒƒãƒš, 51576208, 6, po_ppe, 0
62b8361bfe675fecf31f7059, Ryuune, 31190631, 6, ryuuneart, 0
62dbadb9adb1cf8dbbd9976f, CHARK, 10291992, 6, chark14, 0
62dbadb9adb1cf8dbbd99771, ã„ã¡ã®ã›, 59476957, 6, ichinose_(ichinose1592), 0
62dbadbaadb1cf8dbbd99775, ã•ã„ã¯ã¦, 401531, 6, saihate, 0
62dbadbbadb1cf8dbbd99779, AKE, 9695083, 6, daeho_cha, 0
62dbadc4adb1cf8dbbd9979c, Mishiro, 15976800, 6, mishiro_(ixtlolton), 0
62dbadcaadb1cf8dbbd997b6, ã‚¢ã‚¤ã‚¶ãƒƒã‚¯ãƒ¬ã‚¤, 28228898, 6, ijac_ray, 0
62dbadcaadb1cf8dbbd997b8, å¤§çŒ«, 7461446, 6, jay_xu, 0
62dbaddaadb1cf8dbbd997f3, Kaos Art, 25523728, 6, kaos_art, 0
62dbb45c7fc1666eaabc24e3, MoRung, 39842565, 6, morung, 0
631f050c46b8283819dfd595, NEKU, 66041632, 6, somyo_(neku), 0
631f050e46b8283819dfd59a, Casul, 32072896, 6, casul, 0
631f051146b8283819dfd5a5, è—¤åŸã¾ã¤ã‚Š, 6798622, 6, touki_matsuri, 0
631f051246b8283819dfd5a7, Azuchi, 40868818, 6, azumane_kanna, 0
631f051546b8283819dfd5b0, Uiri, 36714631, 6, uiri-na, 0
631f051646b8283819dfd5b4, GuLuco, 29431640, 6, gu_luco, 0
631f051a46b8283819dfd5c0, Refla, 83846183, 6, refla, 0
631f051b46b8283819dfd5c2, Lilac, 13457305, 6, lilac_(k32420276), 0
63212e68fac5adee47b0b153, ã¿ã‚Œã‚, 3712467, 6, mirea, 0
63212e69fac5adee47b0b157, è¡Œè½¦, 7599643, 6, xingchee, 0
63212e6efac5adee47b0b161, å…æ‘ã¾ã‚‹, 36680237, 6, tomura2maru, 0
63212e70fac5adee47b0b167, ãµã˜ã–ã‚‰ã—, 64025899, 6, fujizarashi, 0
6321ee0fd2fde8d379d1a573, ä¸‡èƒ½, 11925621, 6, bannou_ippoutsukou, 0
6321ee1ed2fde8d379d1a59a, RoundsChen, 33761760, 6, roundschen, 0
6321ee2ad2fde8d379d1a5be, ã¤ã‚€ã, 31370191, 6, tsumugi_8345, 0
6321fa94d2fde8d379d1a5ee, CrystalHerb, 4480830, 6, crystalherb, 0
63227e38f11cfc07daa7960b, ã‚†ãã•ã‚, 135302, 6, yukisame, 0
6323d2244e66a23b0b3df895, MASAKI, 18323769, 6, masak_(masaki4545), 0
6323d22c4e66a23b0b3df8b0, KANOSE, 1460159, 6, kanose, 0
6323d22e4e66a23b0b3df8b9, ãƒœãƒªã‚¹, 5375435, 6, boris_(noborhys), 0
6324a3199602f9a89c5a994a, iren, 34209175, 6, iren_lovel, 0
6294de1bdc57125408abbb2f, ä¸‡ç­–å°½, 2155240, 5, mizutsuki_rei, 0
6294de1cdc57125408abbd81, ryuki, 2485957, 5, ryuki, 0
6294de1cdc57125408abbe2f, diletta, 31033868, 5, diletta, 0
6294de1cdc57125408abc08a, ä¸‰åƒ, 57759368, 5, laoan, 0
6294de1cdc57125408abc0a1, tksand, 29106548, 5, taki, 0
6294de1cdc57125408abc0a7, ivenglynn, 55500445, 5, ivenglynn, 0
6294de1cdc57125408abc0c7, ãƒãƒ„ãƒ¢ãƒˆãƒŸãƒ„ã‚¢ã‚­, 215287, 5, matsumoto_mitsuaki, 0
6294de1cdc57125408abc0ca, ã•ã•ã¡ã‚“, 1846912, 5, sasachin, 0
6294de1cdc57125408abc0d2, SR, 20714093, 5, seorang, 0
6294de1cdc57125408abc0d4, ã›ã‚“ã¡ã‚ƒ, 3388329, 5, sencha, 0
6294de1cdc57125408abc0d6, ç³–tou, 22628045, 5, l_ract, 0
6294de1cdc57125408abc0da, NR, 755764, 5, nr_noir, 0
6294de1cdc57125408abc0db, ZIG, 6117241, 5, zig90, 0
6294de1cdc57125408abc0dc, hanusu@ãŠä»•äº‹å‹Ÿé›†ä¸­, 2488853, 5, hanusu, 0
6294de1cdc57125408abc0df, æ²™ãƒã‚³/shamakho, 13537057, 5, shamakho, 0
6294de1cdc57125408abc0e4, LemonTea, 39935621, 5, lemontea_(ekvr5838), 0
6294de1cdc57125408abc0ee, ã‹ã‚‚ã‚ã—, 47249151, 5, ichi_yoshida, 0
6294de1cdc57125408abc0f0, NoFuture, 13334274, 5, nofuture, 0
6294de1cdc57125408abc114, Chungmechanic, 12857516, 5, chungmechanic, 0
6294de1cdc57125408abc115, BBBOX, 1200836, 5, box_(hotpppink), 0
6294de1cdc57125408abc121, é»’é´‰, 360751, 5, kuroka, 0
6294de1cdc57125408abc129, ã‚¢ãƒ¤ï¼Aya, 3728486, 5, yaye, 0
6294de1cdc57125408abc137, Darjeeling, 5151323, 5, darjeeling, 0
6294de1cdc57125408abc13a, å¸Œæœ›panana, 11189032, 5, panana, 0
6294de1cdc57125408abc13d, å°å±±é…±, 18315430, 5, xiaoshan_jiang, 0
6294de1cdc57125408abc149, TeddYellow, 11759870, 5, teddyellow, 0
6294de1cdc57125408abc14e, ç™½äº•é‹­åˆ©, 1268438, 5, shirai_eiri shirai_eiri_hai_to_gensou_no_grimgar, 0
6294de1cdc57125408abc154, suzhi2333, 14181210, 5, suzhi2333, 0
6294de1cdc57125408abc16d, ç·‘è‰²ã®å¿ƒè‡“, 473996, 5, midoriiro_no_shinzou, 0
6294de1cdc57125408abc173, ãªã™, 5932201, 5, 777nasu wet_777nasu, 0
6294de1cdc57125408abc178, Pinkymomo, 1718314, 5, pinkymomo, 0
6294de1cdc57125408abc17b, å¤è¶Šã—ã®æˆ¯, 6497179, 5, natsugou_shinogi, 0
6294de1cdc57125408abc17f, Bindong, 44676558, 5, bindong, 0
6294de1cdc57125408abc184, seãƒˆ, 31337312, 5, isetnation, 0
6294de1cdc57125408abc188, Antiquewhiteå¤ç™½, 1115117, 5, antiquewhite, 0
6294de1cdc57125408abc18e, å˜»å’¦å•Šç”», 46563332, 5, xiyia_hua xiyia_hua_ass, 0
6294de1cdc57125408abc386, kyomon, 10903525, 5, songjikyo, 0
6294de1ddc57125408abc3e9, ã‚ã‚„ã‹ã‚ã‚Šã, 1029432, 5, ayakawa_riku, 0
6294de1ddc57125408abc3f3, NO.ã”ã‚ã™ï¼ ã—ã‚ã‚ï¼‹Â´oï½€ï¼‹, 1774845, 5, no.gomes, 0
6294de1ddc57125408abc3fa, èª‰, 268507, 5, homare, 0
6294de1ddc57125408abc3fc, ã†ã•ããªã”ã‚€@é‡‘æ›œæ±ãƒ©48b, 3230171, 5, usaginagomu, 0
6294de1ddc57125408abc421, ã‹ããŸã¾, 30535166, 5, kakitama, 0
6294de1ddc57125408abc429, ãºã‚“ãã‚“èŒ¸, 24342054, 5, penguintake, 0
6294de1ddc57125408abc439, ATEOYH RE, 36383995, 5, ateoyh, 0
6294de1ddc57125408abc44e, ãƒ”ã‚¶ã‚·ãƒ¼, 21110268, 5, pizzasi, 0
6294de1ddc57125408abc450, SeeRo, 17334809, 5, seero, 0
6294de1ddc57125408abc456, ã‚µãƒãƒ¼, 578676, 5, sama_samasa, 0
6294de1ddc57125408abc458, MYTI, 62799761, 5, timy, 0
6294de1ddc57125408abc45e, ã«ã®ã†ã§, 3217555, 5, ninoude_(ninoude44), 0
6294de1ddc57125408abc460, è’¼?, 27352652, 5, asahi_(vjss4548), 0
6294de1ddc57125408abc463, GS, 17251114, 5, onsen_syndicate, 0
6294de1ddc57125408abc4a7, é»’ç™½ã®ç¿¼, 10401492, 5, kokubyaku_no_tsubasa, 0
6294de1ddc57125408abc4b2, punc_, 18029909, 5, punc_p, 0
6294de1ddc57125408abc4b5, ã¨ã‚Šã£ããƒ, 4342308, 5, zanntetu, 0
6294de1ddc57125408abc4be, äºœæœ, 3059749, 5, yaguo, 0
6294de1ddc57125408abc4c0, ãˆãµã‡, 292644, 5, efe, 0
6294de1ddc57125408abc4c2, ã’ã£ã¨, 67678617, 5, getto, 0
6294de1ddc57125408abc4c9, ç©ºä¸‹å³ , 12612424, 5, sora_shitatoge, 0
6294de1ddc57125408abc4cd, hido, 19925449, 5, hido_(meori_apu_da), 0
6294de1ddc57125408abc4cf, Edchi, 12914081, 5, edchi, 0
6294de1ddc57125408abc4d1, NOMEN, 8253323, 5, nomen, 0
6294de1ddc57125408abc4d6, ãŸã„ç„¼ã?, 31972014, 5, nolma7, 0
6294de1ddc57125408abc4d7, GMG, 6554652, 5, gmg, 0
6294de1ddc57125408abc4fa, å±±ä¸­è™é‰„ã€€é­”ç¥æŸ±ã®äºº, 227168, 5, yaman, 0
6294de1ddc57125408abc4fd, ã‚„ã¾å…ã€‚@ãŠä»•äº‹å‹Ÿé›†ä¸­, 2445752, 5, yamato_(muchuu_paradigm), 0
6294de1ddc57125408abc504, sakusyo?ãŠä»•äº‹å‹Ÿé›†, 2128441, 5, sakusyo, 0
6294de1ddc57125408abc50a, ã†ãŸã¯ã­, 1798953, 5, utahane_w, 0
6294de1ddc57125408abc50b, ã„ã‹ã‚‹ãŒï¼ˆikaroï¼‰, 10910555, 5, ikaruga, 0
6294de1ddc57125408abc50f, ã™ãã‚…, 25961794, 5, sukuemon, 0
6294de1ddc57125408abc51e, å’²è‰¯å°†å¸, 525382, 5, sakura_shouji, 0
6294de1ddc57125408abc5f0, å¤§ç†çŸ³, 6089728, 5, dairiseki, 0
6294de1ddc57125408abc613, æ¯”æ‘å¥‡çŸ³, 1119201, 5, himura_kiseki, 0
6294de1ddc57125408abc619, CPCP, 1350252, 5, cap, 0
6294de1ddc57125408abc61c, ãŸã¾ã¯ãŒã­, 1551500, 5, pico_(artist), 0
6294de1ddc57125408abc622, æ·±æ³¥æ­£, 564630, 5, mizoro_tadashi, 0
6294de1ddc57125408abc62a, kagetomomidori, 1759866, 5, kagetomo_midori, 0
6294de1ddc57125408abc631, ZouRex, 79998632, 5, rex, 0
6294de1ddc57125408abc633, æœˆåŠç‹¼å«, 21199236, 5, teatix, 0
6294de1ddc57125408abc635, ã†ã¾ãã¡é†¤æ²¹, 809099, 5, umakuchi_shouyu, 0
6294de1ddc57125408abc63c, husidin, 307893, 5, dampi, 0
6294de1ddc57125408abc63d, èŠ¹æ³½å¤šä¹ˆç†Š, 61664722, 5, czj, 0
6294de1ddc57125408abc643, Rozea, 356025, 5, rozea, 0
6294de1ddc57125408abc649, ã¾ã‚‹ã¾ã„, 55987029, 5, marumai, 0
6294de1ddc57125408abc64a, æ¥“_Acer, 352995, 5, kaede_acer, 0
6294de1ddc57125408abc64b, å°å€‰toast, 27734717, 5, ogura_toast, 0
6294de1ddc57125408abc64c, éŠƒå­, 46392336, 5, tia_(tia_1207), 0
6294de1ddc57125408abc650, ã‚ã‚‹ã¿ã£ã, 40308043, 5, al_mican, 0
6294de1ddc57125408abc651, é³¥æˆ, 6066544, 5, torinari_(dtvisu), 0
6294de1ddc57125408abc652, ä¸€ä¸²ä¹±ç Yclm, 15854207, 5, ichikushi_mojibake, 0
6294de1ddc57125408abc653, LIZ, 28183499, 5, lizchiefffff, 0
6294de1ddc57125408abc656, ã”ã‚ãƒ¼âœ³ï¸, 5599364, 5, goroo_(eneosu), 0
6294de1ddc57125408abc657, uga, 52973621, 5, lacy_(beees002), 0
6294de1ddc57125408abc658, CherryMaru?, 16075703, 5, cherrymaru, 0
6294de1ddc57125408abc65c, CLOCKWORK, 35243867, 5, tutou_jiang, 0
6294de1ddc57125408abc668, IcyCore, 700715, 5, eureka7_(moe_rin), 0
62b6a1185e943443c1ee989d, ãã˜ã‚, 1651577, 5, kuziaaizuk, 0
62b6a1185e943443c1ee98a3, saki@ãƒ©ã‚¤ãƒ³ã‚¹ã‚¿ãƒ³ãƒ—è²©å£²ä¸­, 1285049, 5, saki, 0
62b6a1185e943443c1ee98a6, Re:Rin, 10453155, 5, re_rin, 0
62b6a1185e943443c1ee98b0, é£Ÿç”¨æ°·, 9038581, 5, shokuyou_koori, 0
62b6a1185e943443c1ee98b6, è“è£¤å‰åŒæˆªé¾™, 25522426, 5, lankuchashuangjielong, 0
62b6a1185e943443c1ee98bd, ã‚ã‚“ã“ã‚ããªã‚‚ã¡, 7108104, 5, reku_hisui, 0
62b6a1185e943443c1ee98c6, Kiritzugu, 14847337, 5, kiritzugu, 0
62b6a1185e943443c1ee98dc, åºƒç€¬ ã‚Šã‚ˆ, 64202866, 5, hiroserii, 0
62b6a1185e943443c1ee98df, è¨æ‘©ssssssamo, 7660433, 5, samo_(shichun_samo), 0
62b6a1185e943443c1ee98e3, Barto, 73056533, 5, barto_(egec3255) sex_barto_(egec3255), 0
62b6a1185e943443c1ee98e5, MATOâ˜…, 7101420, 5, mato_kuroi, 0
62b6a1185e943443c1ee98e7, SuperSugar, 73673707, 5, supersugar, 0
62b6a1195e943443c1ee98f8, å·´èå¡_R, 16741520, 5, berserker_r, 0
62b6a1195e943443c1ee98fa, KieK, 56910666, 5, kiek, 0
62b6a1195e943443c1ee98fd, YINORI, 13378310, 5, yinori, 0
62b6a1195e943443c1ee9905, Sateridas, 9514440, 5, sateridas, 0
62b6a1195e943443c1ee990b, ç‹çŒ«, 35363347, 5, kitsune-neko, 0
62b6a1195e943443c1ee990f, æ°´è‚–, 13015589, 5, pixiv13015589, 0
62b6a1195e943443c1ee994d, è—¤å‚ç©ºæ¨¹, 404386, 5, fujisaka_kuuki, 0
62b6a11a5e943443c1ee99d3, momiï¼ˆã‚‚ã¿ï¼‰, 117402, 5, momi, 0
62b6a11a5e943443c1ee9a2a, ãŸãã¼ã‚“@ãŠä»•äº‹å‹Ÿé›†ä¸­, 23030728, 5, takubon, 0
62b6a11a5e943443c1ee9a2d, Demahmw, 7054584, 5, dema_hmw, 0
62b6a11a5e943443c1ee9a49, 4kira, 596051, 5, ryuji_(ikeriu), 0
62b6a11a5e943443c1ee9a65, ã‚‚ã®ã¨@fanboxé–‹å§‹, 1137649, 5, monoto, 0
62b6a11a5e943443c1ee9a74, å¤¢èŸ·æ¥å¤, 14741419, 5, rai_(newtype_xm-x1), 0
62b6a11b5e943443c1ee9aca, æ­£å²¡å²¬, 5310417, 5, masaoka_misaki, 0
62b6a11b5e943443c1ee9afb, saï½°ya, 23927279, 5, sa-ya2, 0
62b6ee977c2579dc62ef20cb, é¶´æ„›ã‚‚ã‚‚ã®, 4125876, 5, suencaidi2008, 0
62b73c54684fbc3732a9a089, LondonçŠ¬, 1672942, 5, circle_hitori, 0
62b73c6d684fbc3732a9a0f3, Eufoniuz, 25327837, 5, eufoniuz, 0
62b73c72684fbc3732a9a10b, ã‚ã“, 43244788, 5, roco_(rocoroco1115), 0
62b73c76684fbc3732a9a120, Orange Sekaii, 5199746, 5, orange_sekaii, 0
62b73c77684fbc3732a9a125, unkown, 38965101, 5, re-leaf, 0
62b73c85684fbc3732a9a166, é»‘ç›’, 4386678, 5, kurosara, 0
62b73c88684fbc3732a9a16f, Dasha, 45015081, 5, lisi, 0
62b73c8d684fbc3732a9a189, ã‚¤ãƒ­ãƒŠãƒ„ã‚­, 40329573, 5, ironatsuki, 0
62b73c92684fbc3732a9a1a1, éˆ´è¦³, 68210746, 5, suzumi_(ccroquette), 0
62b73cea19b0795c69e129d7, èŠ¬å…°ç¿¼éª‘å…µ@Wing228, 15040315, 5, wing228, 0
62b7e7d27917873906461b60, ã‚ã˜ãµã‚‰ã„@ãŠä»•äº‹å‹Ÿé›†ä¸­, 983461, 5, ajifurai, 0
62b7eb0bfc563af4e17d50e9, sunhyunãã‚“ã²ã‚‡ã‚“, 29362997, 5, sunhyun, 0
62b7eb0cfc563af4e17d50eb, migolu, 3989608, 5, gocoli, 0
62b7eb0efc563af4e17d50f0, ã”ãƒ¼ã‚ã‚“@ãŠä»•äº‹å‹Ÿé›†ä¸­, 14429272, 5, go-1, 0
62b7eb16fc563af4e17d5118, ã‚²ã‚½ãã‚“ã, 12865583, 5, gesoking, 0
62b7eb1afc563af4e17d512a, DangMyo, 33718285, 5, dangmyo, 0
62b7f029fc563af4e17d5142, ab, 26503386, 5, dana_(hapong07), 0
62b7f02dfc563af4e17d5155, ç§‹ä»lulu, 17557284, 5, aki_(1360505188), 0
62b7f02efc563af4e17d5157, HANI HAYA, 29581418, 5, hanbenp, 0
62b7f21f1eff76edcbe13168, Jiam009, 1294311, 5, youyi_(jiam009) youyi_(jiam009)_bodysuit, 0
62b7f2211eff76edcbe13170, pium, 31596488, 5, yuro, 0
62b7f2231eff76edcbe1317a, ãƒ‰ãƒ¬, 5023106, 5, myo_ne, 0
62b7f2271eff76edcbe1318e, ç´…æ—ã®ãˆ@FANBOX, 4273037, 5, kurebayashi_noe, 0
62b81cf06600ca65ce917dc5, Bobmond, 57509116, 5, bobmond_(artist), 0
62b81cf26600ca65ce917dcd, çŒ«æ», 64961797, 5, neconotaki, 0
62b81cf66600ca65ce917dde, Blue, 20780475, 5, jisu_lee, 0
62b81cfc6600ca65ce917dfe, Hz, 11763346, 5, murder_license, 0
62b81d056600ca65ce917e26, eunyoo, 69957328, 5, eunyoo, 0
62b825586600ca65ce917e4e, é›¨å‚˜ã‚†ã‚“, 3172636, 5, amagasa_yun, 0
62b8255e6600ca65ce917e68, PinkiO@FANBOXé–‹å§‹, 4381612, 5, pinki_o64, 0
62b8274198a5a451502c8793, ROiNA, 40428837, 5, roina_(effj7473), 0
62b8308bfe675fecf31f6fa7, nima, 17185924, 5, nima_(niru54), 0
62b83091fe675fecf31f6fbf, è—¤æœ¬ã‚»ãƒ„ãƒŠ, 12939232, 5, fujimoto_setsuna, 0
62b8309efe675fecf31f6ff7, wollA__, 76802308, 5, wolla, 0
62b830a2fe675fecf31f7007, ã—ã‚“ãã‚‡ã†, 378698, 5, shingyo, 0
62b8360bfe675fecf31f701b, KOOka / ê¾¸ê¹Œ, 42568300, 5, kooka2, 0
62b83621fe675fecf31f706f, EmiNya 27, 6010162, 5, eminya_27, 0
62dbadbcadb1cf8dbbd9977d, éããŸåµç™½, 19949745, 5, sugita_ranpaku, 0
62dbadbdadb1cf8dbbd9977f, InfernoD, 3366261, 5, guihuo_inferno, 0
62dbadc0adb1cf8dbbd99789, å†…ç”°ç¿”, 2288732, 5, uchida_shou, 0
62dbadc2adb1cf8dbbd99793, ã²ã‚ã›, 8993695, 5, hirose_(10011), 0
62dbadc2adb1cf8dbbd99795, JC_Shikikan, 25563875, 5, jc_shikikan, 0
62dbadc3adb1cf8dbbd99797, è‘›åŠç…½ï¼ ãŠä»•äº‹å‹Ÿé›†ä¸­, 2375755, 5, sinomi, 0
62dbadc7adb1cf8dbbd997a9, G3, 60339203, 5, g3_(g310b3), 0
62dbadc8adb1cf8dbbd997ac, SeaBread, 16690661, 5, seabread, 0
62dbadd8adb1cf8dbbd997ed, å¤§å˜˜@ã‚ªãƒŠãƒ›æ•™å®¤å˜è¡Œæœ¬ç™ºå£²ä¸­, 457541, 5, oouso, 0
62dbb45b7fc1666eaabc24e0, ã“ãŸã‚ã†, 31658209, 5, kotarou, 0
631f051346b8283819dfd5a9, è¥¿è¡Œå¯ºé­”ç†æ²™@ç”»ç¨¿ä¸­, 897727, 5, shenqi_(toid310), 0
631f051546b8283819dfd5b2, æ¤°å¥¶æ°´éº»è–¯, 52626985, 5, jintianhuahualema, 0
631f051846b8283819dfd5b8, ã­ã“ã‚¹ãƒ©ã‚¤ãƒ , 55740929, 5, slime_nyang, 0
631f051946b8283819dfd5bc, LinReplica, 73785207, 5, linreplica, 0
631f051c46b8283819dfd5c6, åƒç¾½ä¸¶, 12214611, 5, senba_(592683801), 0
631f052246b8283819dfd5d5, ã‹ã‚ã„@å§”è¨—è²©å£²ã—ã¦ã¾ï½ã™, 12913304, 5, kawai, 0
63212e6efac5adee47b0b15f, ãƒªãƒ, 70661713, 5, rine_(rine_on), 0
63212e76fac5adee47b0b17d, ãƒŠã‚µãƒ‹ã‚¨ãƒ«, 4663078, 5, nasaniliu, 0
63212e76fac5adee47b0b17f, ReA, 15173067, 5, augu_(523764197), 0
6321ee05d2fde8d379d1a555, Hario, 20792167, 5, hario, 0
6321ee08d2fde8d379d1a55f, ãˆã‚“ã‚Šã‚…ã†ï¼ ãŠä»•äº‹å‹Ÿé›†ä¸­, 12501034, 5, enryuu_(rmxs3488), 0
6321ee0ed2fde8d379d1a56f, æ±Ÿæ´¥å—ãã¿ãŸ, 8922079, 5, etsunami_kumita, 0
6321ee11d2fde8d379d1a579, Vitaminechan, 41024626, 5, vitaminechan, 0
6321ee18d2fde8d379d1a58d, timmoo, 19346159, 5, timmoo, 0
6321ee1dd2fde8d379d1a596, å«æ³ªåƒä¸‹å°é¥¼å¹², 3270429, 5, tracyton, 0
6321ee21d2fde8d379d1a5a1, unique@ãŠä»•äº‹å‹Ÿé›†ä¸­, 12704744, 5, unique_(pixiv12704744), 0
6321fa92d2fde8d379d1a5e6, ã„ã¬ã—ã¾, 27120302, 5, inushima, 0
6321fa9ad2fde8d379d1a5ff, ã‚¤ãƒˆãƒãƒŠ, 8731234, 5, itohana, 0
6321fa9fd2fde8d379d1a610, ãªã‹ã‚€ã‚‰, 25387646, 5, zattape, 0
6321faa4d2fde8d379d1a61f, çœŸç™½ã—ã‚‰ã“, 16541647, 5, mashiro_shirako, 0
63227e32f11cfc07daa795fa, Auro, 45910208, 5, auro_drm, 0
632336cc94c2e1db8803344e, Ptal, 3218822, 5, ptal, 0
632336cd94c2e1db88033450, Stardustå°˜åŸƒæœªå®š, 6965899, 5, stardust_(chen'ai_weiding), 0
632336cf94c2e1db88033454, Qiandaiä»¥å®‡, 68481914, 5, qiandaiyiyu, 0
632336d694c2e1db88033468, ã¨ã‚Šã‚ã£ã¨ãã¬ã¬, 1030278, 5, hyouka_(yashiro_sousaku), 0
6323471394c2e1db88033488, å…«é‡Œ, 7569861, 5, yasato, 0
6323471494c2e1db8803348c, è‰¾æ™“èŒ, 13662481, 5, ai_xiao_meng, 0
6323471e94c2e1db880334a6, Guchico, 209263, 5, guchico, 0
63234c0f94c2e1db880334e0, T5, 4819066, 5, ibara_dance, 0
6323d2194e66a23b0b3df874, ã‚»ã‚¤ãƒ«, 2350706, 5, hijiri_ruka, 0
6323d2304e66a23b0b3df8be, yulha, 40337923, 5, yulha_06, 0
6323d2314e66a23b0b3df8c0, ã‚†ãŒãƒ¼ï¼ ãŠä»•äº‹å‹Ÿé›†ä¸­, 56952038, 5, yuga-, 0
6325728cc4871dee81a1f9ac, æ°´æŸ“moon, 22631241, 5, shuiran_moon, 0
6294de1cdc57125408abbd58, Emanon123, 152057, 4, emanon_123, 0
6294de1cdc57125408abbd70, reeze, 29559110, 4, reeze, 0
6294de1cdc57125408abbd82, ç»šçƒ‚çš„è˜‘è‡, 11187954, 4, gorgeous_mushroom, 0
6294de1cdc57125408abbda8, eleaaa, 11517668, 4, eleaaa, 0
6294de1cdc57125408abbdc2, comichipota, 13352270, 4, comichipota, 0
6294de1cdc57125408abbf44, tem10, 10512285, 4, tem10, 0
6294de1cdc57125408abbfb1, tiri_man, 6707683, 4, tiri_man, 0
6294de1cdc57125408abbfe8, cafekun, 533550, 4, cafekun, 0
6294de1cdc57125408abc3a7, meltyrice, 62163064, 4, meltyrice, 0
6294de1cdc57125408abc3b7, saitom, 152240, 4, saitom, 0
6294de1ddc57125408abc438, sakiyamama, 10948474, 4, sakiyamama, 0
6294de1ddc57125408abc454, ç­åœ£ä¹‹æª, 1194280, 4, hamachi_hazuki, 0
6294de1ddc57125408abc4a4, OA, 7691338, 4, o-los, 0
6294de1ddc57125408abc60f, gonster, 114920, 4, gonster gonster_gonster, 0
6294de1ddc57125408abc618, çŒ«ãƒå¤©ç¥, 7174332, 4, amagami, 0
62b6a1195e943443c1ee9919, ç·‹è³€ã‚†ã‹ã‚Š, 7539451, 4, higa_yukari, 0
62b6a1195e943443c1ee991f, ãã‚‰ã°ãŒã«, 1107124, 4, yuuki_kira, 0
62b6a1195e943443c1ee9935, Cloudy.R, 800504, 4, cloudy.r, 0
62b6a1195e943443c1ee9966, LTT1989, 4831812, 4, ltt_challenger, 0
62b6a1195e943443c1ee9975, å¤§å ‚ï¼ˆdaidouï¼‰, 1641495, 4, daidou_(demitasse), 0
62b6a1195e943443c1ee9993, 40åŸ, 554102, 4, 40hara, 0
62b6a1195e943443c1ee9995, 78éµ>ãƒã‚«ã®çµµ, 5053454, 4, bakanoe, 0
62b6a1195e943443c1ee99a7, LUNA@GUNFIRE, 692108, 4, luna_(gunfire), 0
62b6a1195e943443c1ee99b6, ë§ˆë¿¡_ã¾ã·ã‚“, 11101005, 4, hellma123, 0
62b6a1195e943443c1ee99c2, Shigure_S, 7110271, 4, shiguru, 0
62b6a11a5e943443c1ee99dd, YOHAKU, 16331597, 4, yohaku, 0
62b6a11a5e943443c1ee99f2, BiSHI@æ´»å‹•ä¼‘æ­¢ä¸­, 28904198, 4, bishi_(bishi), 0
62b6a11a5e943443c1ee99fa, BandWidth, 13030842, 4, band-width, 0
62b6a11a5e943443c1ee9a0a, éŸ³è‰²@ãŠä»•äº‹å‹Ÿé›†ä¸­, 29018948, 4, neiless_neiro, 0
62b6a11a5e943443c1ee9a1d, ãƒ•ãƒ–ã‚­, 781118, 4, fubuki, 0
62b6a11a5e943443c1ee9a22, é­”ç•Œã®ä½æ°‘/ã‚³ãƒŸãƒ†ã‚£ã‚¢D46a, 173369, 4, makai_no_juumin, 0
62b6a11a5e943443c1ee9a26, ãƒ¤ãƒƒãƒšãƒ³@ãŠä»•äº‹å‹Ÿé›†ä¸­, 923597, 4, yappen, 0
62b6a11a5e943443c1ee9a2f, è¡€ç¾…, 3842786, 4, hyulla, 0
62b6a11a5e943443c1ee9a3a, ãƒé–“, 28106648, 4, no-kan, 0
62b6a11a5e943443c1ee9a47, å°æ¡œã‚Šã‚‡ã†, 534367, 4, kozakura_ryou, 0
62b6a11a5e943443c1ee9a55, ãƒˆãƒ«Q, 5935914, 4, messikid, 0
62b6a11a5e943443c1ee9a5c, è‘‰æœˆç‰å…, 3284788, 4, hazuki_gyokuto, 0
62b6a11a5e943443c1ee9a68, ç°æœ¨äº¬, 11078587, 4, asaba0327, 0
62b6a11a5e943443c1ee9a70, Midnight, 887078, 4, midnight, 0
62b6a11a5e943443c1ee9a7b, ä¹é³—Wz-, 13440113, 4, joehongtee, 0
62b6a11a5e943443c1ee9a83, ã‚ã‚‹ã‚/Rolua, 4094653, 4, rolua, 0
62b6a11a5e943443c1ee9a87, é›¨ã‚ã‚‰ã‚Œ, 737479, 4, ame_arare, 0
62b6a11b5e943443c1ee9a95, ã¾ã‚ˆãã„, 5445450, 4, mayogii, 0
62b6a11b5e943443c1ee9a99, Nagu, 316388, 4, nagu, 0
62b6a11b5e943443c1ee9a9b, ã¨ã‚“ãŒã‚Š, 14683555, 4, tongari, 0
62b6a11b5e943443c1ee9a9e, ã‚³ãƒï¼ ãŠä»•äº‹å‹Ÿé›†ä¸­, 8418321, 4, ggatip, 0
62b6a11b5e943443c1ee9aa6, NNryori, 833007, 4, de_mo_ne, 0
62b6a11b5e943443c1ee9ab1, çŠ¯äºŒçš„è›‹äºŒ, 4792758, 4, q18607, 0
62b6a11b5e943443c1ee9ab7, nelson, 50991302, 4, nelson_( nelson_(kancolle), 0
62b6a11b5e943443c1ee9ac3, æŸ“å¹³ã‹ã¤, 2745133, 4, somehira_katsu, 0
62b6a11b5e943443c1ee9ac8, è¨€å¯ºé©¬å·, 7400267, 4, yu_jiu, 0
62b6a11b5e943443c1ee9ace, çŒ«ç«C, 24638586, 4, luobo_(nsnr8754), 0
62b6a11b5e943443c1ee9ad0, Been, 4735018, 4, been, 0
62b6a11b5e943443c1ee9ad6, Nolmo, 11431691, 4, nolmo, 0
62b6a11b5e943443c1ee9adf, utu, 937442, 4, utu utu_tagme, 0
62b6a11b5e943443c1ee9aee, ã‚¿ã‚±ãƒ•, 14629289, 4, takehuxi, 0
62b6a11b5e943443c1ee9af3, inari, 836631, 4, inari_(ambercrown), 0
62b6a11b5e943443c1ee9af6, Weber, 56899141, 4, weber, 0
62b6a11b5e943443c1ee9afd, NONAGINTA novem, 40792901, 4, nonaginta_novem, 0
62b6a11b5e943443c1ee9b06, å››æœˆ, 50088954, 4, uza, 0
62b6a11b5e943443c1ee9b08, ã‚³ãƒã´ã‚‡ã‚“@ä»•äº‹å‹Ÿé›†ä¸­, 1147196, 4, kobapyon, 0
62b6a11b5e943443c1ee9b0b, ç¾Šï¼ , 14672616, 4, hitsuji_(sheepsb22), 0
62b73c57684fbc3732a9a096, A-by, 14765851, 4, a-by, 0
62b73c58684fbc3732a9a099, Gardener, 25611339, 4, choco_bear, 0
62b73c58684fbc3732a9a09b, å‘¦ä½ ä¸ªçƒ§é¥¼, 20228000, 4, you_ni_ge_shaobing, 0
62b73c5c684fbc3732a9a0ab, Sion, 19209134, 4, sion_(im10042m), 0
62b73c5f684fbc3732a9a0b7, ã¯ã‚‹ã¨, 9331613, 4, nyannzou789, 0
62b73c63684fbc3732a9a0c5, sevenbees, 44476762, 4, sevenbees, 0
62b73c64684fbc3732a9a0cc, ä¼Šå—ç¥, 15775659, 4, lim_(ramu), 0
62b73c66684fbc3732a9a0d3, Krirk, 25229533, 4, krirk, 0
62b73c67684fbc3732a9a0d6, Yurika-R, 15131268, 4, yurichtofen, 0
62b73c67684fbc3732a9a0da, Luminous Art, 20497976, 4, luminous, 0
62b73c68684fbc3732a9a0dc, ã¯ã‚‹ã•ã‚, 41970771, 4, harusame_(user_wawj5773), 0
62b73c68684fbc3732a9a0de, æ‚ äº• æµ©@FANBOXæ›´æ–°ä¸­, 4873514, 4, gundam00uc, 0
62b73c68684fbc3732a9a0e0, HUANG-hhhhhhhhh, 15024250, 4, huang_(volt0526), 0
62b73c69684fbc3732a9a0e5, iwbitu, 14272298, 4, iwbitu-sa, 0
62b73c6c684fbc3732a9a0f1, AcrylicStroke, 20600562, 4, acrylicstroke, 0
62b73c6d684fbc3732a9a0f5, chilcy, 34847027, 4, chilcy35, 0
62b73c6e684fbc3732a9a0f9, Danah, 13975259, 4, danah, 0
62b73c6f684fbc3732a9a101, DMè¢‹å–µ, 40958359, 4, dm_(dai_miao), 0
62b73c70684fbc3732a9a103, ã²ã•ã¾ãã¾ã“ï¼ é€£è¼‰ä¸­, 209679, 4, hisama_kumako, 0
62b73c73684fbc3732a9a110, æ²¼é»’, 17302384, 4, numaguro_(tomokun0808), 0
62b73c76684fbc3732a9a11e, ä¸ŠåŸå°æ¥“, 30434205, 4, kaede_uehara, 0
62b73c76684fbc3732a9a123, ã­ã˜ã‚@FANBOX, 490330, 4, yasojima_nejiro_ass yasojima_nejiro, 0
62b73c7a684fbc3732a9a132, red, 20116213, 4, red_(aba02), 0
62b73c7c684fbc3732a9a13a, ç™½å®®å¤¢å…, 53250859, 4, muu_(muu_shiromiya), 0
62b73c7c684fbc3732a9a13d, éª¸æµ·Haihai, 10035446, 4, haihai_(skeleton), 0
62b73c7e684fbc3732a9a143, å‘†é¸½é¸½, 44392099, 4, daidai_gege, 0
62b73c7e684fbc3732a9a145, ç†Šè™ãŸã¤ã¿, 544808, 4, kumatora_tatsumi, 0
62b73c7f684fbc3732a9a14b, hiro, 25385459, 4, hiro_(hirohiro_gorira), 0
62b73c80684fbc3732a9a14d, Nevi, 4122152, 4, kimhu94, 0
62b73c82684fbc3732a9a157, ç‰›ã‚¿ãƒ³, 63670951, 4, gyudan_(t1k_7), 0
62b73c83684fbc3732a9a15a, ãŸã@ãŠä»•äº‹å‹Ÿé›†ä¸­, 3640719, 4, jazztaki, 0
62b73c84684fbc3732a9a15e, arane, 13421163, 4, 351_rane, 0
62b73c89684fbc3732a9a174, W.Q.Y, 44826458, 4, w.q.y, 0
62b73c8a684fbc3732a9a17b, ã•ã‚“ãºãƒ¼@FANBOX, 14540717, 4, sunsun2812, 0
62b73c8a684fbc3732a9a17d, é³´ç¥äºœéˆ´, 60370183, 4, narukamiarei, 0
62b73c8c684fbc3732a9a183, ã¿ãªã‚, 8406434, 4, minawaya, 0
62b73c8f684fbc3732a9a190, å¸æ¡ƒ, 1290550, 4, mio-muo1206, 0
62b73c8f684fbc3732a9a192, é£¾ã²ã•, 15819904, 4, hisao_0111, 0
62b73c8f684fbc3732a9a194, Komi, 8347815, 4, komi_(komiking), 0
62b73c92684fbc3732a9a19e, dx..., 36842378, 4, tousang, 0
62b7e65777a576ce5b59af9a, 100wang, 20100866, 4, wangxiii, 0
62b7e65777a576ce5b59af9c, è²¢  èŒ¶, 15205988, 4, tribute_tea, 0
62b7e7d07917873906461b5b, oxygen mask, 67706925, 4, oxygen_mask_(oxygenmask233), 0
62b7e7d37917873906461b66, Sawa, 14253662, 4, sawa_(hwa_sawa), 0
62b7e7d47917873906461b6b, ç´…@ä»•äº‹å‹Ÿé›†ä¸­, 1380426, 4, kurenaiz, 0
62b7e7d57917873906461b6f, 1S44C, 19063155, 4, 1s44c, 0
62b7e7d67917873906461b71, jademoon, 12563125, 4, jademoon, 0
62b7eb0efc563af4e17d50f2, åŒ—ä¹æ°´, 25087740, 4, beijiushui, 0
62b7eb10fc563af4e17d50fb, Asagon., 12790019, 4, asagon007, 0
62b7eb12fc563af4e17d5104, Amagu, 65309349, 4, amagu_(n_amagu), 0
62b7eb13fc563af4e17d5108, klee08_, 70538165, 4, klee08, 0
62b7eb14fc563af4e17d510b, Moolæœˆå…‰, 17084793, 4, mool_yueguang, 0
62b7eb14fc563af4e17d510d, dhokidoki, 30598620, 4, dhokidoki, 0
62b7eb15fc563af4e17d5110, ã‚½ãƒ²ã‚¹ã‚±, 6375111, 4, sosuke_(yrmon), 0
62b7eb15fc563af4e17d5114, MAY9ï¼ˆãƒ¡ã‚¤ã‚­ãƒ¥ã‚¦ï¼‰, 17406036, 4, m.a.y., 0
62b7eb17fc563af4e17d511a, ç„¡ç³–ã¾ã‚, 5796946, 4, mutou_(94753939), 0
62b7eb19fc563af4e17d5125, Bratja, 31988105, 4, bratja, 0
62b7f027fc563af4e17d5136, ç‘›, 8890590, 4, akira_(ying), 0
62b7f027fc563af4e17d5138, K Pring, 3937352, 4, k_pring, 0
62b7f028fc563af4e17d513a, AUåä¸€, 2737916, 4, au11, 0
62b7f028fc563af4e17d513c, ã‚ã, 27538639, 4, agu_(agrias777), 0
62b7f028fc563af4e17d513e, Gemi Ningen, 14345928, 4, gemi_ningen, 0
62b7f02bfc563af4e17d514b, NiksonCrazy, 53384269, 4, nikson_crazy, 0
62b7f02cfc563af4e17d514f, ã†ã©ã‚“ã€‚, 15189966, 4, t_bone_(06tbone), 0
62b7f02cfc563af4e17d5151, çŠ¬è±†@ãŠä»•äº‹å‹Ÿé›†ä¸­, 3713171, 4, kyundoo, 0
62b7f02efc563af4e17d515a, æ¾å‰, 2344745, 4, matsuda_(matsukichi), 0
62b7f030fc563af4e17d515f, çŒ«å±±æ¡œæ¢¨, 40892156, 4, nekoyama_iori, 0
62b7f030fc563af4e17d5161, Abara_Art, 56081251, 4, abara_art, 0
62b7f030fc563af4e17d5163, ION, 16240887, 4, ion_(on01e), 0
62b7f032fc563af4e17d516c, ALter, 11309423, 4, alter_(kxk7357), 0
62b7f033fc563af4e17d5171, ï½²æ­¹ï¾˜æ–‡, 686703, 4, swimsuits_19_raven_91 19_raven_91, 0
62b7f2201eff76edcbe1316a, ã‚†ã¥é¤…@ãŠä»•äº‹å‹Ÿé›†ä¸­, 52473530, 4, nanashinayuzu_mochi, 0
62b7f2221eff76edcbe13176, MIBRYâ˜†, 2367541, 4, mibry_(phrysm), 0
62b7f2241eff76edcbe13180, Mr.egg, 55334370, 4, mr.egg, 0
62b7f2251eff76edcbe13183, permafrost, 14176578, 4, tanzhujiuyue, 0
62b7f2251eff76edcbe13185, ken, 15513408, 4, ken_(1057168252), 0
62b7f2251eff76edcbe13187, éŠ€Tokki, 20655393, 4, silver_tokki, 0
62b7f2281eff76edcbe13192, ã‚ãŠã„13, 31863964, 4, aoi_13, 0
62b80b42e5bdc816bf157c3b, Mazeéœ„, 14137442, 4, sherlock5230, 0
62b80ffa15fb895c73c7684f, hini_ni, 65807570, 4, hini_ni, 0
62b81cee6600ca65ce917db6, æ°´ç„¡, 961772, 4, mizunashi_kenichi, 0
62b81cee6600ca65ce917db8, Aryanne, 6259275, 4, aryanne, 0
62b81cf06600ca65ce917dc3, Sail, 45469036, 4, sail_(apha7775), 0
62b81cf26600ca65ce917dcb, ä¹äº”é…±, 21764204, 4, 95---, 0
62b81cf36600ca65ce917dd1, Cenci, 69073564, 4, di_qi_gang_guang, 0
62b81cf36600ca65ce917dd3, æ˜æ™°ã‚†ã‚, 31781750, 4, ymkrnchan, 0
62b81cf36600ca65ce917dd5, saba-kann, 62245188, 4, saba-kann_(kannsaba), 0
62b81cf56600ca65ce917dda, Suruga, 9273658, 4, suruga_(xsurugax), 0
62b81cf66600ca65ce917de0, ã‚Œã„ãªã¾, 19880053, 4, reinama, 0
62b81cf76600ca65ce917de2, Romana, 3386241, 4, romana, 0
62b81cf96600ca65ce917dee, ELze, 11626448, 4, elze_(s01047480836), 0
62b81cfa6600ca65ce917df1, Shaffelli, 13590240, 4, shaffelli, 0
62b81cfb6600ca65ce917df5, Seelec, 8767600, 4, you_zhaqi, 0
62b81cfb6600ca65ce917df8, ì „ì–´ã‚³ãƒã‚·ãƒ­, 56539281, 4, bbakasatang, 0
62b81cfc6600ca65ce917dfa, ããŸã°ãª, 29630392, 4, kitabana, 0
62b81cfc6600ca65ce917dfc, amco, 13679278, 4, amco, 0
62b81cfe6600ca65ce917e04, MUA, 52590322, 4, lkdv, 0
62b81d016600ca65ce917e10, NeA, 12917646, 4, yeorem, 0
62b81d016600ca65ce917e13, Lkeris, 4160064, 4, lkeris, 0
62b81d026600ca65ce917e15, ã‚°ãƒ‹ãƒ‹æ˜Ÿäºº, 37636740, 4, runep, 0
62b81d026600ca65ce917e17, æ´›ç¾Šé“², 18420311, 4, wyc_zz, 0
62b81d026600ca65ce917e19, 2GONG, 57681088, 4, mela_(rbw1s), 0
62b81d036600ca65ce917e1c, ãŸã‘ãªã—, 10360273, 4, lunateelf, 0
62b81d036600ca65ce917e1e, ç²‰ç…², 11835289, 4, liangfen232, 0
62b81d046600ca65ce917e20, ã•ããªããŸ@ãŠä»•äº‹å‹Ÿé›†ä¸­ã§ã™, 3390644, 4, sakunagita, 0
62b81d046600ca65ce917e25, è‹¥è‘‰ @ãŠä»•äº‹å‹Ÿé›†ä¸­, 6991677, 4, wakaba9704_anus, 0
62b81d056600ca65ce917e2a, T0kiã€ä»•äº‹å‹Ÿé›†ä¸­ã€‘, 14755811, 4, anotoki_ashi, 0
62b81d086600ca65ce917e34, ã‚­ãƒ«ãƒ­ã‚¤ (KilroyLW), 13868752, 4, kilroylw, 0
62b81d0b6600ca65ce917e40, é’å†¥ç«¥å­@ãŠä»•äº‹å‹Ÿé›†ä¸­, 1037543, 4, qingmingtongzi, 0
62b825596600ca65ce917e50, sia/ã—ã‚, 35950308, 4, shia_job, 0
62b8255c6600ca65ce917e5c, TROTONOPEçˆ¾ç£, 16141630, 4, epicnoob278, 0
62b8273698a5a451502c8765, èŒ¶æœ¬mus, 9942406, 4, chaji_h, 0
62b8273a98a5a451502c8772, ã€KIROã€ã€ã‚­ãƒ­ãƒ€ãƒ¨ã€, 26140336, 4, kiro_(kirotayu), 0
62b8273a98a5a451502c8774, Chocopie, 66823569, 4, karacak, 0
62b8273d98a5a451502c877f, ç©ºç¶­æ·±å¤œâ—†2ndå˜è¡Œæœ¬ç™ºå£²ä¸­, 2267440, 4, sorai_shinya, 0
62b8273d98a5a451502c8781, èŸ¹å±‹ã—ã, 3396864, 4, kaniya_shiku, 0
62b8273e98a5a451502c8783, unxi, 40329579, 4, unxi, 0
62b8273e98a5a451502c8785, BIGxixi, 26690900, 4, bigxixi, 0
62b8273e98a5a451502c8787, isana615, 56002313, 4, isana615, 0
62b8273f98a5a451502c8789, AGRT, 2360526, 4, agrt, 0
62b8274098a5a451502c878e, butter, 2103830, 4, uncensored_butter-t, 0
62b8274198a5a451502c8796, ã ã«ã¾ã‚‹, 1817132, 4, iriehana, 0
62b82aad98a5a451502c87a7, Shiro_raccoon, 5801780, 4, too-ye, 0
62b82aaf98a5a451502c87ae, ã‚‚ã˜ä¸¸, 70941612, 4, mojimaru, 0
62b82ab498a5a451502c87c2, BSmage, 13239170, 4, bsmage, 0
62b8308afe675fecf31f6fa1, ã†ã‚‹ã‚‹ç‰¡ä¸¹, 77777190, 4, ururu_botan, 0
62b8308afe675fecf31f6fa3, ã“ã‚„ã¾æ²™ç·’, 511299, 4, koyama_sao, 0
62b8308cfe675fecf31f6fa9, CAD, 6434573, 4, kaddo, 0
62b8308dfe675fecf31f6fad, ãƒ‡ã‚³ã‚¹ã‚±, 136325, 4, decosuke, 0
62b8308dfe675fecf31f6fb0, ã‚”ã‡ã˜ãŸã¶ã‚‹@ãŠä»•äº‹å‹Ÿé›†ä¸­, 40223506, 4, vegetablenabe, 0
62b8308ffe675fecf31f6fb9, Hanarabi, 16338350, 4, moduku, 0
62b83090fe675fecf31f6fbc, ãŸã ã®ã‚†ãã“, 2066175, 4, tada_no_yukiko, 0
62b83093fe675fecf31f6fc7, æ·±èŠ±, 59545961, 4, shinka_(user_rcem8835), 0
62b83094fe675fecf31f6fcc, kawery, 6472180, 4, kawery, 0
62b83095fe675fecf31f6fd1, è‘›é£¾ã±ã¡@ãŠä»•äº‹å‹Ÿé›†ä¸­, 14127609, 4, katsushika_pachi, 0
62b83097fe675fecf31f6fd7, yayanasai, 15406301, 4, yayanri, 0
62b83099fe675fecf31f6fdf, ã¡ã‚“ã½ã, 65490174, 4, chinpoki, 0
62b8309afe675fecf31f6fe5, SZ, 66025523, 4, harlow_garden, 0
62b8309ffe675fecf31f6ff9, ã‚ãŸã¼ã†ã€‚, 11780694, 4, w2ky, 0
62b830a0fe675fecf31f6ffd, D.J, 70053847, 4, d.j_(dwcg2854), 0
62b830a0fe675fecf31f7001, Equal, 2659479, 4, equal_(heartstrings), 0
62b830a3fe675fecf31f700d, éº¦åŸœ@ãªã¾ã‚‚ã®, 546385, 4, mugino_kirin, 0
62b83608fe675fecf31f7010, ãƒ›ãƒ ãƒ³ã‚¯ãƒ«ã‚¹, 596535, 4, homunculus, 0
62b83609fe675fecf31f7016, ä¸‰å¯æœˆè±•(Dolphenry), 38927812, 4, san_ke_yue_shi_hololive san_ke_yue_shi, 0
62b8360bfe675fecf31f701d, ããã‚Œã¿, 15624263, 4, sozoremi, 0
62b8360cfe675fecf31f7022, Mihan, 69270695, 4, mihan77108047, 0
62b8360ffe675fecf31f702b, D.kefo, 4603717, 4, kkkk_(laa2973) tagme_kkkk_(laa2973), 0
62b83610fe675fecf31f702f, TenU, 9605326, 4, ten-u, 0
62b83612fe675fecf31f7035, _AGOTO, 59284890, 4, agoto, 0
62b83614fe675fecf31f703e, naga, 70891418, 4, naga_(pixiv70891418), 0
62b83615fe675fecf31f7040, ä¸ç”¨ä¸ç”¨, 7295588, 4, fuyofuyo, 0
62b8361afe675fecf31f7055, ç´ºè—¤ã‚³ã‚³ãƒ³, 5020470, 4, konfuzi_kokon, 0
62b8361ffe675fecf31f7067, sirano, 50311897, 4, sirano_(artist), 0
62b83620fe675fecf31f706c, Disk, 36291217, 4, diskette0, 0
62b83621fe675fecf31f7071, byAdam, 36261120, 4, byadam, 0
62b83623fe675fecf31f7079, ã¯ã—ã°, 1334666, 4, yuri_hasisisissy hasisisissy, 0
62dbadc6adb1cf8dbbd997a3, clyde_s, 17996238, 4, clyde_s, 0
62dbadc6adb1cf8dbbd997a5, Massan(ã¾ã£ã•ã‚“), 124413, 4, massan, 0
62dbadcbadb1cf8dbbd997bb, å¡©ã‹ãšã®ã“ğŸŸ, 4310379, 4, shiokazunoko, 0
62dbadd3adb1cf8dbbd997d8, HaDy, 35153378, 4, kuro_(rudyan0128), 0
62dbadd6adb1cf8dbbd997e3, Liitaï¼ˆæ¢¨ä¼Šè¼ï¼‰, 40029545, 4, liita_(dusk_snow), 0
62dbadd6adb1cf8dbbd997e5, hirett, 23433849, 4, clearpage, 0
62dbadd7adb1cf8dbbd997e9, Okku, https://www.artstation.com/okku12, 4, okku, 0
62dbaddaadb1cf8dbbd997f5, åƒé“ã‚»ãƒ³ãƒª, 36388895, 4, senri_(senri_sen), 0
62dbb4577fc1666eaabc24d6, æ‰far-, 34096559, 4, sugi_(far-), 0
62dbb4587fc1666eaabc24d9, è±ªD, 10524834, 4, gou_d, 0
62dbb4597fc1666eaabc24dc, ã‚ã„ã½, 4399718, 4, lium, 0
62dbb45d7fc1666eaabc24e5, ãƒ¢ãƒŸãƒŸ, 5553495, 4, momimi, 0
62dbb4607fc1666eaabc24ec, L.F., 69705311, 4, l.f., 0
62dbb4617fc1666eaabc24f1, paran, 77611673, 4, paran, 0
62dbb4627fc1666eaabc24f3, fu_u03, 29314050, 4, fu_u03, 0
62dbb4817fc1666eaabc2505, MiRuki, 60703946, 4, miruku_pan, 0
631f051c46b8283819dfd5c4, Mirage/ãƒŸãƒ©ãƒ¼ã‚¸ãƒ¥, 49923885, 4, mirage_(rairudiseu), 0
631f051d46b8283819dfd5c9, DA, 21275424, 4, da_(datako), 0
63212e6ffac5adee47b0b163, notinversion, 39277763, 4, notinversion, 0
63212e70fac5adee47b0b169, ë¬¼ë±€(æ°´è›‡), 28480895, 4, libiadan, 0
63212e73fac5adee47b0b171, æŸŠæ—æªã€€åœŸæ›œæ—¥ æ±ï¼ªï¼01a, 12875157, 4, hiiragi_ringo, 0
63212e73fac5adee47b0b173, èŒ…é‡ã‚‚ã‚‚, 79651906, 4, kayano_momo, 0
63212e75fac5adee47b0b179, ã—ã°ã‚†ã, 1531232, 4, shibayuki, 0
63212e77fac5adee47b0b182, sas, 17965967, 4, sas_(ls08b), 0
6321ee04d2fde8d379d1a553, ä¸‰åå£¹, 10665173, 4, genera-x, 0
6321ee06d2fde8d379d1a557, proverbsç®´è¨€, 44273654, 4, proverbs_zhenyan, 0
6321ee06d2fde8d379d1a559, suiroh@ãŠä»•äº‹å‹Ÿé›†ä¸­, 18600938, 4, suiroh, 0
6321ee07d2fde8d379d1a55b, ãƒ©ãƒ ãƒ¬ãƒ¼ã‚ºãƒ³, 16082570, 4, rum_raisin_(chihiromakita19), 0
6321ee09d2fde8d379d1a563, Togare, 41855963, 4, togare, 0
6321ee0bd2fde8d379d1a567, äºŒä»£ç›®@C100åœŸè¥¿ã¿05b, 4505788, 4, nidaime, 0
6321ee0bd2fde8d379d1a569, è—¤é¬¼, 6152388, 4, fujioni, 0
6321ee10d2fde8d379d1a575, Haeo, 56730550, 4, nagul, 0
6321ee14d2fde8d379d1a584, ç¦æœˆå ‚/æ± ç”°, 1744002, 4, ikeda_yasuhiro, 0
6321ee15d2fde8d379d1a586, ç¯ã‚Šã‚ã„, 13019683, 4, kagari_riroi, 0
6321ee19d2fde8d379d1a590, å¨é£å†°, 69997793, 4, weifengbing, 0
6321ee21d2fde8d379d1a5a3, Kirin, 32706625, 4, kirin3145, 0
6321fa8ed2fde8d379d1a5d8, é¬¼çŒ«@ãŠä»•äº‹å‹Ÿé›†ä¸­, 9377557, 4, onineko-chan, 0
6321fa94d2fde8d379d1a5ec, 200Â°F, 14723742, 4, shun'ya_(daisharin36), 0
6321fa96d2fde8d379d1a5f2, StarLan, 38376924, 4, starlan, 0
6321fa97d2fde8d379d1a5f6, Hood/í›„ë“œ, 15408136, 4, hood_(james_x), 0
6321fa99d2fde8d379d1a5fd, æ™ºç€¬ã¨ã„ã‚, 25126073, 4, kinoruru_toiro, 0
6321fa9cd2fde8d379d1a605, Kysizzle, 46411166, 4, kyle_(kysizzle), 0
6321fa9cd2fde8d379d1a607, ã‚‚ã‚‚ã‚“ãŒ/ãŠä»•äº‹å‹Ÿé›†ä¸­, 3195136, 4, momongapoketto, 0
6321fa9dd2fde8d379d1a60a, Mamima, 44590850, 4, mamima, 0
6321faa3d2fde8d379d1a61c, ã¿ã‚‹ã¡ã‚‡, 339093, 4, mirucho, 0
63227e22f11cfc07daa795c7, ãŠã‚„ãšã‚Š, 1086859, 4, kasumi_komo, 0
63227e23f11cfc07daa795c9, Nigoolas, 22290214, 4, nigoolas, 0
63227e25f11cfc07daa795ce, HAYUN@ãŠä»•äº‹å‹Ÿé›†ä¸­, 4222454, 4, hayun, 0
63227e29f11cfc07daa795da, ç‹‚é‡å¤§ç„¼åŒ…, 22167083, 4, shaobao_(sdhx3728), 0
63227e2df11cfc07daa795ea, MO:OKU, 9785867, 4, onew, 0
63227e2ff11cfc07daa795ef, å­¤è‘¬å—é£@ä»•äº‹å‹Ÿé›†ä¸­, 33611048, 4, guzangnanfeng, 0
63227e2ff11cfc07daa795f1, ã™ã„ã‚‰ã‚“, 53478550, 4, suiran_(liquiddoes), 0
63227e31f11cfc07daa795f5, choc, 66189533, 4, choc, 0
63227e33f11cfc07daa795fe, Matsogum, 62530933, 4, matsogum, 0
63227e36f11cfc07daa79603, Nevan, 40429286, 4, milephunter, 0
63227e37f11cfc07daa79607, å’Œç¾½@ãŠä»•äº‹å‹Ÿé›†ä¸­, 15123281, 4, kazuha_(saku_kn), 0
63227e38f11cfc07daa79609, SilverBullet, 60951530, 4, ecc12_8, 0
63227e39f11cfc07daa7960d, å®æ—¥, 12795319, 4, lianyungangwyz, 0
63227e3af11cfc07daa79612, kainown, 1178854, 4, kainown, 0
632336cf94c2e1db88033456, ã¾ã‚‹ã‚„ï½, 11947586, 4, maruyaa_(malya1006), 0
632336d594c2e1db88033465, Joezunzun, 5817873, 4, ata-zhubo, 0
6323470c94c2e1db88033478, æŸšå¤(ã‚†ãšã‹), 2032068, 4, yuzuka, 0
6323471794c2e1db88033492, ã¨ã‚‚ã¡
, 24963071, 4, tomocha_(tmc_tmc8), 0
6323471794c2e1db88033494, çˆ½ã€€ä¸€ä¹
, 46799877, 4, shuangyijiu, 0
6323471b94c2e1db8803349c, You, 32397587, 4, you_(yoyou), 0
6323471c94c2e1db8803349f, Moco, 34005952, 4, moco_(moco_28), 0
6323472194c2e1db880334ad, Kakiman, 1885845, 4, kakiman, 0
6323472394c2e1db880334b4, é›¨è¡ŒYUHANG, 19521827, 4, yuxing_yuhang, 0
6323472494c2e1db880334b8, ã‚µãƒ¯ãƒ€ã€€ãƒ¦ã‚¦ã‚¹ã‚±, 1754480, 4, sawada_yuusuke, 0
63234c0494c2e1db880334c4, amochin, 6594619, 4, amochin, 0
63234c0894c2e1db880334cf, ãã°ã¡ã‚ƒã‚“, 195407, 4, gibagiba, 0
63234c0c94c2e1db880334dc, ShowerZ, 25958185, 4, showerz, 0
63234c0d94c2e1db880334de, å¤šå¥ˆæœ, 23755766, 4, tanaka212, 0
63234c1294c2e1db880334e2, ã‚³ãƒ€ã‚±, 21973039, 4, takeko_spla, 0
6323d2204e66a23b0b3df886, å°å°çš„ç‹‚ä¸‰, 18028424, 4, xiaoxiao_de_kuangsan, 0
6323d2224e66a23b0b3df88f, MRR, 65447103, 4, mrr_05, 0
6323d2264e66a23b0b3df89b, w64851564, 56667690, 4, w_(w64851564)_angel, 0
6323d2274e66a23b0b3df89d, ã‚ªã‚¯(ãŠä»•äº‹å‹Ÿé›†ä¸­), 61047284, 4, oku_1225, 0
6323d2294e66a23b0b3df8a5, ã¨ã‘ã—, 20652051, 4, tokeshi, 0
6323d2294e66a23b0b3df8a7, _ä»å‰æœ‰é¢—æ˜Ÿ, 18900473, 4, wenbugu, 0
6323d22e4e66a23b0b3df8b7, ä»£ã€…, 23547995, 4, daidai_(daidai826), 0
6323d2334e66a23b0b3df8ca, wee, 19866573, 4, wee_(weeyy)_azur_lane wee_(weeyy), 0
6323d2354e66a23b0b3df8ce, heeri, 41537813, 4, heeri, 0
632498389602f9a89c5a98b6, ã‚¢ã‚«ãƒ„ã‚­ï¼ ãŠä»•äº‹å‹Ÿé›†ä¸­, 13296048, 4, akatsuki_(aktk511), 0
632498429602f9a89c5a98d8, ZELO6/ã‚¼ãƒ­ãƒ­ã‚¯, 54815072, 4, zelo6, 0
632498429602f9a89c5a98da, VERTIGRIS, 58994661, 4, vertigris, 0
632498439602f9a89c5a98dc, pul, 7415355, 4, pul_(gks569), 0
632498439602f9a89c5a98de, ã—ã‚…ã‚‹ç‰ˆâ˜…FANBOXé–‹è¨­, 54434641, 4, shuru_y, 0
632498479602f9a89c5a98eb, Hioyami, 38528889, 4, hioyami, 0
6324984a9602f9a89c5a98f4, Homutan, 58914348, 4, homutan, 0
6324a3109602f9a89c5a992c, çŠ¬å·ãƒ’ã‚«ãƒ«, 39138594, 4, abe_hikaru, 0
6324a3169602f9a89c5a993e, Zeklewa, 74928328, 4, zeklewa, 0
6324a3189602f9a89c5a9947, ãˆãƒ¼ã‚‹, 14212838, 4, ale_nqki, 0
6325728dc4871dee81a1f9b0, ALISI, 18747918, 4, alisi, 0
63257297c4871dee81a1f9d1, ã¯ã¡ã¯ã¡, 6197181, 4, 88_(einnimnech), 0
63257299c4871dee81a1f9d5, 7eaKai, 5435728, 4, teakai, 0
632572a1c4871dee81a1f9f5, ã‚¿ã‚±ãƒ¦ã‚¦, 690092, 4, takeyuu_takeyuu, 0
6294de1cdc57125408abbd67, OMEGA2-D, 488547, 3, omega_2-d, 0
6294de1cdc57125408abbd7a, minamon, 53305649, 3, minamon, 0
6294de1cdc57125408abbdef, supullim, 7465944, 3, supullim, 0
6294de1cdc57125408abbe24, itaco, 3075769, 3, itaco, 0
6294de1cdc57125408abbe95, sbel02, 1356236, 3, sbel02, 0
6294de1cdc57125408abbf24, saraki, 680168, 3, saraki, 0
6294de1cdc57125408abc01b, futon_fly_away, 20355474, 3, futon_fly_away, 0
6294de1cdc57125408abc0b5, rimuu, 17317073, 3, rimuu, 0
6294de1cdc57125408abc0ed, freng, 3975343, 3, freng, 0
6294de1ddc57125408abc509, ã‚·ãƒ§ãƒƒãƒˆã‚¬ãƒ³ãƒãƒ³, 46392336, 3, tia_(tia_1207), 0
62b6a11a5e943443c1ee99ee, ç™½äº•ç§€å®Ÿ, 532865, 3, terai_(teraimorimori), 0
62dbadccadb1cf8dbbd997be, MihaIA, 70132647, 3, mihaia, 0
62dbadcdadb1cf8dbbd997c0, Gwan-E, 10492304, 3, gwan-e, 0
62dbadceadb1cf8dbbd997c5, ãŠã‚„ã™, 53201994, 3, oyasu_(kinakoyamamori), 0
62dbadd5adb1cf8dbbd997e1, Lujang, 22944923, 3, lujang_(fudge), 0
62dbb4627fc1666eaabc24f5, savarin, 73823253, 3, savarin, 0
62dbb4637fc1666eaabc24f7, ã•ã¨ã†ã½ã¦, 1800854, 3, satoupote, 0
62dbb4637fc1666eaabc24f9, Infinity, 16945245, 3, infinity_(kkx132), 0
6321ee24d2fde8d379d1a5a9, è‹”ã‚³ãƒƒã‚³@ãŠä»•äº‹å‹Ÿé›†ä¸­, 1568424, 3, cokecoco, 0
6321ee25d2fde8d379d1a5ad, é­”èŠ‹ä¸€, 1928263, 3, moyu_(pixiv1928263), 0
6321ee27d2fde8d379d1a5b4, ã¯ã„ã¡ãƒ¼ãš, 20388267, 3, komainu_(yamaha1997), 0
6321ee2ad2fde8d379d1a5bc, N9at, 18781732, 3, n9at, 0
6321ee2cd2fde8d379d1a5c4, Kanvien, 17051947, 3, kanvien, 0
6321fa89d2fde8d379d1a5cb, Flippy, 15389773, 3, flippy_(cripine_111), 0
6321fa8cd2fde8d379d1a5d1, SAmart, 80209028, 3, samart_normal, 0
6321fa90d2fde8d379d1a5e0, èª˜æ‹ç¦æ­¢, 1102289, 3, chiyingzai, 0
6321faa0d2fde8d379d1a612, ç•ªè–¯, 1659962, 3, fanshu, 0
6321faa1d2fde8d379d1a617, Broken, 7589468, 3, broken_(7589468), 0
63227e28f11cfc07daa795d4, CR(Chirang), 40248924, 3, chirang, 0
63227e2bf11cfc07daa795e0, ã‚Šã®LINO, 3420168, 3, lino_chang, 0
63227e2cf11cfc07daa795e6, jimmy, 5768971, 3, jimmy_madomagi, 0
63227e2ef11cfc07daa795ec, å°æ£®ãã¥ã‚†, 6562350, 3, komori_kuzuyu, 0
63227e33f11cfc07daa795fc, é›ªä¸¸ã¬ã‚“@çµµä»•äº‹å‹Ÿé›†ä¸­, 161478, 3, tasuku_(otomebotan), 0
63227e36f11cfc07daa79601, miura_n315, 14661583, 3, miura_naoko, 0
63227e37f11cfc07daa79605, ãƒ ã‚­, 30672506, 3, mookie_(e_mook9), 0
63227e3af11cfc07daa79610, IRO, 66634986, 3, iro_(iro_252_), 0
63227e3bf11cfc07daa79615, Noa, 38054189, 3, noa_(skae3323), 0
63227e3df11cfc07daa79618, M-cic0, 14495666, 3, mcic0, 0
632336d294c2e1db8803345c, ã‚¿ã‚¯ã‚­takuki, 37251199, 3, takuki_takuki, 0
6323471d94c2e1db880334a4, ã™ãƒ¼ã±ãƒ¼ãªã”ã‚„ã‹, 10490394, 3, super_nagoyaka, 0
6323471f94c2e1db880334a9, ã‚­ãƒ³ã‚¿, 2397243, 3, kinta_(distortion), 0
6323472494c2e1db880334ba, éº¦ã†ã•ã, 57419801, 3, mugiusagi, 0
63234c0394c2e1db880334bf, Suisaiâ¤, 1596981, 3, suisai., 0
63234c0394c2e1db880334c1, ãƒ¢ãƒˆãƒ, 51774657, 3, sakamotono, 0
63234c0594c2e1db880334c6, DSãƒã‚¤ãƒ«ğŸŒ»ç”»é›†ç™ºå£²ä¸­, 795196, 3, dsmile, 0
6323d2204e66a23b0b3df884, SBBS, 3229583, 3, sbbs, 0
6323d2224e66a23b0b3df88b, å…«ä¼, 14305327, 3, auguste, 0
6323d2234e66a23b0b3df892, ã¯ã„ã‚ãƒ¼ã‹ãƒ¼, 69811611, 3, hai_maker, 0
6323d2274e66a23b0b3df89f, CC_XIAOTINTIN, 72249342, 3, cc_xiaotintin, 0
6323d2284e66a23b0b3df8a1, hi-na, 20251020, 3, hi-na1, 0
6323d22a4e66a23b0b3df8a9, ãã›, 26503290, 3, kuse_(0201), 0
6323d22b4e66a23b0b3df8ac, MyungYi, 38444677, 3, myung_yi, 0
6323d22d4e66a23b0b3df8b5, è¯è‘¡ã€‚ï¼ˆã‹ã¶ã€‚ï¼‰, 2380538, 3, kabu_(niniko2ko), 0
6323d22f4e66a23b0b3df8bb, MUNG, 68208046, 3, mung_(larnec), 0
6323d2314e66a23b0b3df8c2, ã‚‹ã—ãŠ, 24529568, 3, lucy_(rusi-juren328), 0
6323d2324e66a23b0b3df8c4, hhl, 65003497, 3, hhl_(ggul80hg58), 0
6323d2324e66a23b0b3df8c6, ã‚ã‚ã‚ã¨, 73975075, 3, soame, 0
6323d2364e66a23b0b3df8d2, ã‚«ãƒ«ãƒãƒ§, 2869201, 3, karucho, 0
6323d2364e66a23b0b3df8d4, ChaeromğŸ³, 55194281, 3, chaerom, 0
632498379602f9a89c5a98b4, ãˆã³ãµã‚Šã‚ƒ, 11424595, 3, ebifurya, 0
632498399602f9a89c5a98ba, Udina, 41125984, 3, nanna_(heyj2888), 0
6324983b9602f9a89c5a98bf, ì€¼ì—¥, 4683814, 3, chukibabo2, 0
6324983c9602f9a89c5a98c4, LsLs79, 7731955, 3, lsls, 0
6324983d9602f9a89c5a98c6, GCG, 56013107, 3, gcg, 0
632498409602f9a89c5a98d0, MerryTail, 54742795, 3, merrytail, 0
632498409602f9a89c5a98d2, GudakoGuda, 59000434, 3, gudakoguda, 0
632498419602f9a89c5a98d4, ã‚‚ã‚ˆã‚ã‚“, 4269127, 3, moyoron, 0
632498419602f9a89c5a98d6, esugi, 5316802, 3, esugi, 0
632498469602f9a89c5a98e5, HOP3, 6388327, 3, hop3, 0
632498469602f9a89c5a98e7, ã—ãˆã‚“, 43943119, 3, tatunoko_shien, 0
632498489602f9a89c5a98ee, Kocir, 77998505, 3, kocir, 0
632498499602f9a89c5a98f1, ã“ã˜, 4368223, 3, koji_(kojikojimdw), 0
6324984a9602f9a89c5a98f6, ãƒŸãƒ¥ãƒ¼, 476249, 3, myuu_(arisumeria), 0
6324984e9602f9a89c5a98ff, SSONG2, 40141196, 3, ssong2, 0
6324984e9602f9a89c5a9901, SKL, 6914336, 3, skl, 0
6324984f9602f9a89c5a9904, kabi, 52506459, 3, kabi_(zcwd8845), 0
632498529602f9a89c5a990d, saire, 51090603, 3, shikube, 0
632498539602f9a89c5a990f, stratoz, 56573125, 3, stratoz, 0
632498539602f9a89c5a9911, bbaronge, 54963513, 3, pparong_e, 0
632498549602f9a89c5a9915, Ï€ãŸã‚†ã“, 6013732, 3, pi_tayuko, 0
632498559602f9a89c5a9917, å­é‡æ—¥ğŸŒ¸ã‚³ãƒŸãƒˆãƒ¬D39b, 14609740, 3, nenobi_(nenorium), 0
632498559602f9a89c5a9919, LIMART, 76693556, 3, limart, 0
632498569602f9a89c5a991c, Veca, 1940078, 3, veca, 0
632498569602f9a89c5a991e, æ¨¹ ã‚¸ãƒ¥ãƒ³ï¼ ãŠä»•äº‹å‹Ÿé›†ä¸­, 11256661, 3, itsuki_jun, 0
6324a30d9602f9a89c5a9922, æ¸‹è°·, 16220275, 3, shibuya_(kurokamishain), 0
6324a30e9602f9a89c5a9925, ãƒ‘ãƒ«@skeb ä¾é ¼å‹Ÿé›†ä¸­, 29087130, 3, parupome, 0
6324a30f9602f9a89c5a9928, HAO, 81080396, 3, hao_827, 0
6324a3129602f9a89c5a9932, DARAN9, 36288535, 3, rodailuda, 0
6324a3149602f9a89c5a9936, Bubble, 10424365, 3, bubble1995, 0
6324a3159602f9a89c5a993a, CHO!CHO!, 9899824, 3, cho!cho!, 0
6324a3169602f9a89c5a9942, RFF, 2789115, 3, rff_(3_percent), 0
6324a31a9602f9a89c5a994e, UWON, 56109072, 3, youwon0417, 0
63257283c4871dee81a1f993, 8ã‚¤ãƒãƒ“8, 62325421, 3, ichibi, 0
632572c9c4871dee81a1fa08, ã‚„ã™ã‚†ã, 105026, 3, yasuyuki, 0
6294de1cdc57125408abbf27, lambda, 871625, 2, , 0
6294de1cdc57125408abc0be, å¥éŸ³, 1259741, 2, kanon, 0
6294de1ddc57125408abc457, krin, 12284820, 2, krin, 0
6294de1ddc57125408abc482, minttchocok, 60202801, 2, minttchocok, 0
6294de1ddc57125408abc4e1, åŒ™ãã‚ˆã—, 3763063, 2, thomas, 0
6294de1ddc57125408abc514, Heartki, 70472348, 2, heartki, 0
6294de1ddc57125408abc5db, ã¯ã‹ã°, 150597, 2, hakaba, 0
62b6a1185e943443c1ee98b2, gurimjang, 10901213, 2, gurimjang, 0
62b6a1195e943443c1ee999f, magako, 5304046, 2, magako, 0
62b6e8868e07372bdc4a580f, sooon, 30259663, 2, sooon, 0
6324a3169602f9a89c5a9940, mingå°˜, 36073944, 2, mingcheng, 0
6324a3179602f9a89c5a9944, ã™ãšæ£®â™¡ãŠä»•äº‹å‹Ÿé›†ä¸­, 67941142, 2, su2525, 0
6324a31a9602f9a89c5a9950, ã­ã“ã˜ã—, 12762068, 2, necojishi, 0
63257282c4871dee81a1f98e, EEyn, 69755793, 2, dido_(magicc), 0
63257284c4871dee81a1f995, ã«ã˜ã¯ã—ãã‚‰ğŸ§, 2052402, 2, nijihashi_sora, 0
63257285c4871dee81a1f998, PinkMarine, 6129432, 2, pinkmarine, 0
63257286c4871dee81a1f99a, mizu, 437628, 2, mizushirazu, 0
63257287c4871dee81a1f99c, serin199, 10410554, 2, serin199, 0
63257287c4871dee81a1f99e, erai, 11851060, 2, erai, 0
6325728ac4871dee81a1f9a5, Dreamoon, 13145407, 2, dreamoon, 0
6325728cc4871dee81a1f9ae, æ‹åæ˜Ÿéœœ, 40895616, 2, prinz_eugen1938, 0
6325728ec4871dee81a1f9b3, å°åˆ€, 46218900, 2, bukui_shi_wo, 0
6325728ec4871dee81a1f9b5, soho, 25282685, 2, soho_(user_dphk5745), 0
63257290c4871dee81a1f9ba, ã†ãˆã²ã‚, 30128452, 2, uehiro, 0
63257290c4871dee81a1f9bc, ã•ã¼ã¦ã‚“å®šé£Ÿ@æ—¥æ›œæ±ãƒ­36a, 1143953, 2, saboten_teishoku, 0
63257291c4871dee81a1f9be, ãŠçµµæãã‚¾ãƒ³ãƒ“ã¡ã‚ƒã‚“, 169947, 2, oekaki_zombie, 0
63257292c4871dee81a1f9c2, æ»¡è½½SUGAR, 14730603, 2, manzai_sugar, 0
63257293c4871dee81a1f9c4, é»‘æ¡ƒå–µäºŒå, 16317084, 2, ash-c, 0
63257293c4871dee81a1f9c6, ã»ã—ã‚ƒã‚‰, 4170312, 2, hoshara, 0
63257295c4871dee81a1f9cb, æ»´æ°´å”å°¼, 68247201, 2, shuibo, 0
63257297c4871dee81a1f9cf, LEADA, 4430932, 2, leada, 0
63257299c4871dee81a1f9d7, RenzArt, 51366150, 2, mark_renz_purio, 0
6325729ac4871dee81a1f9db, Ruiuiui, 29194283, 2, pomerui, 0
6325729bc4871dee81a1f9dd, maru.selinn, 38228167, 2, maru.selinn, 0
6325729bc4871dee81a1f9df, ã‚¸ãƒ¥ãƒ‡ã‚£ã®å†’é™º (Judy), 80278896, 2, judynoboken, 0
6325729cc4871dee81a1f9e1, 2oæ°´/TSUOMI, 1717182, 2, honnou_(kjs9504), 0
6325729dc4871dee81a1f9e5, KAGUYA, 533621, 2, kaguya_(srx61800), 0
6325729fc4871dee81a1f9e9, ã‚¨ãƒ/æ¥ , 25908294, 2, kusunokinawate, 0
6325729fc4871dee81a1f9eb, å¤§æ²³åº„ä¸€ä¸–ç¹å, 15193350, 2, dahe_zhuang_(yishi_fanhua), 0
6325729fc4871dee81a1f9ed, N1T, 26746680, 2, nitogebeto, 0
632572a0c4871dee81a1f9ef, ã‚‰ã™ãŒæ€œ, 4429732, 2, rasahan, 0
632572a1c4871dee81a1f9f3, TAESSEUNG, 80929159, 2, taesseung, 0
632572a2c4871dee81a1f9f9, Gurang, 85147791, 2, guurang, 0
632572a3c4871dee81a1f9fd, ENicoéŸ³åŸŸ, 12829136, 2, enico, 0
6294de1cdc57125408abbd3c, Saburou (Hgmg), 911893, 1, saburou_(hgmg), 0
6294de1cdc57125408abbd7c, DOUMOU (ãƒ‰ã‚¦ãƒ¢ã‚¦), 1481750, 1, doumou, 0
6294de1cdc57125408abbdae, hinamo, 61624416, 1, hinamo, 0
6294de1cdc57125408abbdbd, ctrlz77, 6134554, 1, ctrlz77, 0
6294de1cdc57125408abbf79, ã¿ã¡ãã‚“ã, 2361345, 1, , 0
6294de1cdc57125408abbfde, mac_star, 2401513, 1, mac_star, 0
6294de1cdc57125408abc0a0, bbolalus, 7571205, 1, bbolalus, 0
6294de1cdc57125408abc155, draltruist, 19645491, 1, draltruist, 0
6294de1ddc57125408abc427, kisui, 28992125, 1, kisui, 0
6294de1ddc57125408abc42c, raiou, 1503044, 1, raiou, 0
6294de1ddc57125408abc4f6, å¯Œå£«å®®ã‚ŠãŠ@ã‚³ãƒŸãƒ†ã‚£ã‚¢G05b, 20145524, 1, fujinomiya_reicho, 0
6294de1ddc57125408abc513, ç’ƒç‹¬æ¥½ï¼ ãŠä»•äº‹å‹Ÿé›†ä¸­, 14497909, 1, rikoma, 0
6294de1ddc57125408abc51c, iotan, 7244941, 1, iotan, 0
62b6a11a5e943443c1ee9a12, clouble, 2640074, 1, clouble, 0
6294de1cdc57125408abbd30, Hisasi, 119045, 0, hisasi, 0
6294de1cdc57125408abbd74, ç§‹é‡ã™ã°ã‚‹, 272629, 0, akino_subaru, 0
6294de1cdc57125408abbd7d, Tomohiro Kai, 2960453, 0, tomohiro_kai, 0
6294de1cdc57125408abbd7f, HMA (Hiyoshi Hana), 863509, 0, hiyoshi_hana, 0
6294de1cdc57125408abbdb5, toranosuke, 373056, 0, toranosuke, 0
6294de1cdc57125408abbdb9, janggun, 58663751, 0, janggun, 0
6294de1cdc57125408abbdba, mk, 255023, 0, mk, 0
6294de1cdc57125408abbe1d, moebell0, 7116931, 0, moebell0, 0
6294de1cdc57125408abbe40, izaac, 5356161, 0, izaac, 0
6294de1cdc57125408abbe43, jmg, 12636439, 0, jmg, 0
6294de1cdc57125408abbe6a, kuavera, 10381446, 0, kuavera, 0
6294de1cdc57125408abbed2, jagercoke, 18201975, 0, jagercoke, 0
6294de1cdc57125408abbef5, star741, 5851220, 0, star741, 0
6294de1cdc57125408abbf8e, applekun, 5761723, 0, applekun, 0
6294de1cdc57125408abbfd0, lindaroze, 15559587, 0, lindaroze, 0
6294de1cdc57125408abbffd, rodway, 311698, 0, rodway, 0
6294de1cdc57125408abc02b, nicorima, 9202534, 0, nicorima, 0
6294de1cdc57125408abc0d0, qizhu, 22145120, 0, qizhu, 0
6294de1cdc57125408abc0e8, skulllee, 9303137, 0, skulllee, 0
6294de1cdc57125408abc0f5, emily, 766376, 0, emily, 0
6294de1cdc57125408abc12a, cromwellb, 26080602, 0, cromwellb, 0
6294de1cdc57125408abc15b, kokoa_ninniku, 14188574, 0, kokoa_ninniku, 0
6294de1cdc57125408abc174, milkychu, 45098810, 0, milkychu, 0
6294de1cdc57125408abc182, ludaf, 10238330, 0, ludaf, 0
6294de1cdc57125408abc38b, apt, 757609, 0, apt, 0
6294de1ddc57125408abc3e2, iridescent-usee, 22101662, 0, iridescent-usee, 0
6294de1ddc57125408abc4a5, expulse, 18222180, 0, expulse, 0
6294de1ddc57125408abc4f7, Ogre, 34368621, 0, , 0
6294de1ddc57125408abc61f, kalalasan, 3551581, 0, kalalasan, 0
6294de1ddc57125408abc636, baek_hyang, 19179664, 0, baek_hyang, 0
6294de1ddc57125408abc638, whoisshe, 2821983, 0, whoisshe, 0
6294de1ddc57125408abc645, chungla, 57762970, 0, chungla, 0
6294de1ddc57125408abc65f, nolan, 39273454, 0, nolan, 0
62b6a0e2e1ef661f2f3d90ca, ningzi, 33429970, 0, ningzi, 0
62b6a1195e943443c1ee9949, sola7764, 2702224, 0, sola7764, 0
62b6a11a5e943443c1ee9a77, elran, 3621931, 0, elran, 0
62b6a11b5e943443c1ee9abc, blueorca, 31464716, 0, blueorca, 0
62b6a11b5e943443c1ee9ac0, ushas, 374770, 0, ushas, 0
62b6a11b5e943443c1ee9aea, knatb, 13726319, 0, knatb, 0
